fecha,zona_id,region,tipo_zona,poblacion_zona,cobertura_4g_pct,cobertura_5g_pct,latencia_ms,velocidad_media_mbps,tasa_cortes_pct,indice_calidad_global,incidencia_masiva
2023-01-01,Z01,Centro,rural,16625,82.46,4.03,56.17,30.61,3.01,18.51,0
2023-02-01,Z01,Centro,rural,16625,82.11,4.31,55.69,30.95,3.06,19.61,0
2023-03-01,Z01,Centro,rural,16625,82.19,4.56,55.45,31.05,2.96,16.99,0
2023-04-01,Z01,Centro,rural,16625,81.9,4.69,55.72,30.43,3.0,20.81,0
2023-05-01,Z01,Centro,rural,16625,81.86,5.38,55.38,30.47,3.01,18.61,0
2023-06-01,Z01,Centro,rural,16625,82.06,5.45,55.8,30.79,3.05,17.12,0
2023-07-01,Z01,Centro,rural,16625,82.05,5.97,56.04,30.84,3.26,19.06,0
2023-08-01,Z01,Centro,rural,16625,81.85,6.68,56.22,31.89,3.36,20.08,0
2023-09-01,Z01,Centro,rural,16625,82.16,7.03,55.97,30.94,3.34,17.84,0
2023-10-01,Z01,Centro,rural,16625,82.23,7.69,55.4,30.27,3.38,21.46,0
01/11/2023,Z01,Centro,rural,16625,82.52,9.08,55.82,29.91,3.23,21.34,0
2023-12-01,Z01,Centro,rural,16625,82.22,9.44,55.6,30.41,3.35,21.07,0
2024-01-01,Z01,Centro,rural,16625,82.12,9.72,54.9,30.64,3.35,23.59,0
2024-02-01,Z01,Centro,rural,16625,82.11,10.58,54.85,30.45,3.26,20.16,0
2024-03-01,Z01,Centro,rural,16625,82.46,10.93,55.32,30.71,3.33,22.23,0
2024-04-01,Z01,Centro,rural,16625,82.29,11.54,54.87,32.1,3.26,20.06,0
2024-05-01,Z01,Centro,rural,16625,81.98,12.2,55.44,33.09,3.21,22.31,0
2024-06-01,Z01,Centro,rural,16625,82.22,12.85,54.82,34.71,3.2,24.83,0
2024-07-01,Z01,Centro,rural,16625,82.19,13.14,53.83,36.48,3.27,22.55,0
2024-08-01,Z01,Centro,rural,16625,82.06,14.17,53.12,36.05,3.22,22.54,0
2024-09-01,Z01,Centro,rural,16625,82.04,14.68,53.15,37.7,3.12,24.41,0
2024-10-01,Z01,Centro,rural,16625,81.66,15.24,52.52,-37.1,2.96,22.86,0
2024-11-01,Z01,Centro,rural,16625,81.93,15.51,52.37,37.43,2.87,25.26,0
01/12/2024,Z01,Centro,rural,16625,82.05,16.52,52.07,37.7,2.8,24.66,0
2025-01-01,Z01,Centro,rural,16625,82.06,17.42,50.9,40.54,2.79,27.79,0
2025-02-01,Z01,Centro,rural,16625,81.89,18.43,49.31,42.05,2.62,27.3,0
2025-03-01,Z01,Centro,rural,16625,81.79,19.22,47.83,43.55,2.38,25.21,0
2025-04-01,Z01,Centro,rural,16625,81.7,20.09,46.94,43.71,2.46,24.39,0
2025-05-01,Z01,Centro,rural,16625,81.59,21.35,48.41,44.11,2.33,27.11,0
2025-06-01,Z01,Centro,rural,16625,82.02,21.73,48.01,45.88,2.3,26.75,0
2025-07-01,Z01,Centro,rural,16625,81.99,22.08,47.76,46.34,2.27,26.64,0
2025-08-01,Z01,Centro,rural,16625,82.08,23.08,47.8,47.12,2.25,27.98,0
2025-09-01,Z01,Centro,rural,16625,81.93,23.79,,48.93,2.37,28.81,0
2025-10-01,Z01,Centro,rural,16625,81.81,24.13,48.38,48.77,2.38,25.56,0
2025-11-01,Z01,Centro,rural,16625,82.03,24.92,47.84,48.05,2.4,28.74,0
2025-12-01,Z01,Centro,rural,16625,81.97,25.52,47.93,47.93,2.52,24.93,0
2023-01-01,Z02,Oeste,suburbana,46400,89.89,10.54,39.72,54.87,1.21,31.86,0
2023-02-01,Z02,Oeste,suburbana,46400,89.74,10.63,,55.32,1.48,33.52,0
2023-03-01,Z02,Oeste,suburbana,46400,89.89,11.52,40.63,55.81,1.53,32.33,0
2023-04-01,Z02,Oeste,suburbana,46400,89.8,12.29,40.07,56.11,1.6,34.25,0
2023-05-01,Z02,Oeste,suburbana,46400,90.0,13.36,40.59,54.56,1.67,31.12,0
2023-06-01,Z02,Oeste,suburbana,46400,89.9,14.36,40.93,54.15,1.67,33.16,0
2023-07-01,Z02,Oeste,suburbana,46400,89.71,14.87,41.04,55.3,1.8,29.74,0
2023-08-01,Z02,Oeste,suburbana,46400,89.85,15.74,41.16,56.52,1.69,32.84,0
2023-09-01,Z02,Oeste,suburbana,46400,90.0,16.28,41.71,56.54,1.85,33.12,0
2023-10-01,Z02,Oeste,suburbana,46400,90.15,17.62,41.5,56.57,1.91,33.31,0
2023-11-01,Z02,Oeste,suburbana,46400,90.08,18.6,41.36,57.31,1.86,34.8,0
2023-12-01,Z02,Oeste,suburbana,46400,90.32,19.47,40.65,57.41,1.96,35.6,0
2024-01-01,Z02,Oeste,suburbana,46400,90.46,20.79,40.81,57.94,2.13,35.88,0
2024-02-01,Z02,Oeste,suburbana,46400,89.96,22.23,40.24,58.21,2.16,33.94,0
2024-03-01,Z02,Oeste,suburbana,46400,89.75,22.8,39.57,58.89,2.11,36.9,0
2024-04-01,Z02,Oeste,suburbana,46400,89.57,23.35,39.35,58.94,2.05,37.62,0
2024-05-01,Z02,Oeste,suburbana,46400,89.72,24.81,39.13,60.01,1.9,37.1,0
2024-06-01,Z02,Oeste,suburbana,46400,89.84,26.17,38.55,61.04,1.81,37.95,0
2024-07-01,Z02,Oeste,suburbana,46400,90.04,26.78,37.59,60.54,1.57,37.61,0
2024-08-01,Z02,Oeste,suburbana,46400,90.16,27.95,37.45,62.42,1.66,39.21,0
2024-09-01,Z02,Oeste,suburbana,46400,90.36,29.19,36.73,62.75,1.49,38.74,0
2024-10-01,Z02,Oeste,suburbana,46400,90.19,30.55,37.24,62.68,1.49,38.81,0
2024-11-01,Z02,Oeste,suburbana,46400,90.22,31.62,35.87,64.62,1.4,40.28,0
2024-12-01,Z02,Oeste,suburbana,46400,89.96,32.56,35.81,65.39,1.39,41.81,0
2025-01-01,Z02,Oeste,suburbana,46400,90.21,33.63,34.8,67.09,1.33,43.8,0
2025-02-01,Z02,Oeste,suburbana,46400,90.21,34.76,34.83,69.15,1.45,42.78,0
2025-03-01,Z02,Oeste,suburbana,46400,90.18,36.17,,69.55,1.38,43.74,0
2025-04-01,Z02,Oeste,suburbana,46400,89.98,36.85,33.22,68.89,1.29,42.96,0
2025-05-01,Z02,Oeste,suburbana,46400,90.33,38.3,32.97,69.65,1.23,43.92,0
2025-06-01,Z02,Oeste,suburbana,46400,90.27,39.53,33.06,70.81,1.15,44.85,0
2025-07-01,Z02,Oeste,suburbana,46400,90.65,40.62,33.92,70.97,1.22,45.42,0
2025-08-01,Z02,Oeste,suburbana,46400,90.43,41.48,34.08,70.41,1.29,47.17,0
2025-09-01,Z02,Oeste,suburbana,46400,90.36,42.53,34.23,70.46,1.38,43.1,0
2025-10-01,Z02,Oeste,suburbana,46400,90.19,43.18,33.51,71.75,1.45,45.01,0
2025-11-01,Z02,Oeste,suburbana,46400,89.87,43.74,33.47,73.44,1.49,45.28,0
2025-12-01,Z02,Oeste,suburbana,46400,89.99,44.79,33.62,72.86,1.49,47.75,0
2023-01-01,Z03,Sur,rural,16530,82.07,4.25,54.64,33.74,3.45,18.45,0
2023-02-01,Z03,Sur,rural,16530,82.31,4.39,54.94,34.31,3.31,18.02,0
2023-03-01,Z03,Sur,rural,16530,82.14,4.74,54.41,33.94,3.22,21.16,0
2023-04-01,Z03,Sur,rural,16530,81.66,4.87,54.06,32.51,3.23,18.72,0
2023-05-01,Z03,Sur,rural,16530,81.72,5.29,54.72,31.32,3.29,20.02,0
2023-06-01,Z03,Sur,rural,16530,81.87,5.94,55.28,32.74,3.29,19.0,0
2023-07-01,Z03,Sur,rural,16530,81.78,6.19,55.01,31.52,3.3,19.89,0
2023-08-01,Z03,Sur,rural,16530,81.85,6.61,55.81,31.9,3.31,18.59,0
2023-09-01,Z03,Sur,rural,16530,81.99,,55.31,31.59,3.36,18.62,0
2023-10-01,Z03,Sur,rural,16530,82.03,7.59,56.2,32.43,3.35,20.63,0
2023-11-01,Z03,Sur,rural,16530,81.59,8.03,56.06,31.36,3.42,22.76,0
2023-12-01,Z03,Sur,rural,16530,81.5,8.6,,32.74,3.31,20.39,0
2024-01-01,Z03,Sur,rural,16530,81.98,8.99,55.46,32.32,3.28,21.84,0
2024-02-01,Z03,Sur,rural,16530,82.03,9.4,55.7,32.08,3.39,19.82,0
2024-03-01,Z03,Sur,rural,16530,81.9,10.43,55.88,32.86,3.22,21.91,0
2024-04-01,Z03,Sur,rural,16530,81.75,11.26,54.92,33.61,3.15,19.51,0
2024-05-01,Z03,Sur,rural,16530,81.95,12.02,54.49,35.11,3.12,22.11,0
2024-06-01,Z03,Sur,rural,16530,82.01,12.52,54.55,34.9,3.07,24.33,0
2024-07-01,Z03,Sur,rural,16530,,12.63,54.98,37.29,3.02,19.4,0
2024-08-01,Z03,Sur,rural,16530,81.82,13.39,54.34,36.45,3.04,23.37,0
2024-09-01,Z03,Sur,rural,16530,81.61,14.34,54.78,37.05,2.96,22.55,0
2024-10-01,Z03,Sur,rural,16530,,14.6,541.1,37.27,3.05,22.86,0
2024-11-01,Z03,Sur,rural,16530,82.18,15.12,53.73,38.16,2.89,24.03,0
2024-12-01,Z03,Sur,rural,16530,82.35,15.84,,38.71,2.77,23.86,0
2025-01-01,Z03,Sur,rural,16530,82.23,16.2,51.31,39.64,2.69,20.74,0
2025-02-01,Z03,Sur,rural,16530,82.3,17.11,50.93,39.08,2.73,25.49,0
2025-03-01,Z03,Sur,rural,16530,82.64,17.96,51.11,39.67,2.76,26.55,0
2025-04-01,Z03,Sur,rural,16530,,18.5,50.84,39.93,2.77,28.13,0
2025-05-01,Z03,Sur,rural,16530,82.39,19.09,50.96,40.35,2.79,22.48,0
2025-06-01,Z03,Sur,rural,16530,82.12,19.6,49.87,40.15,2.67,25.62,0
2025-07-01,Z03,Sur,rural,16530,82.29,20.26,49.71,40.69,2.75,24.89,0
2025-08-01,Z03,Sur,rural,16530,82.04,21.09,49.99,41.58,2.73,27.54,0
2025-09-01,Z03,Sur,rural,16530,81.84,,50.25,40.77,2.62,27.5,0
2025-10-01,Z03,Sur,rural,16530,81.82,22.1,50.54,41.91,2.5,24.44,0
2025-11-01,Z03,Sur,rural,16530,81.71,23.14,50.98,42.37,2.52,25.27,0
2025-12-01,Z03,Sur,rural,16530,81.88,23.71,51.49,41.9,2.67,27.44,0
2023-01-01,Z04,Centro,suburbana,55457,90.76,10.32,36.9,50.36,1.88,35.13,0
2023-02-01,Z04,Centro,suburbana,55457,90.62,10.46,37.48,51.74,1.79,30.91,0
2023-03-01,Z04,Centro,suburbanx,55457,90.81,11.41,38.87,51.99,1.84,33.78,0
2023-04-01,Z04,Centro,suburbana,55457,90.64,12.28,39.66,53.4,1.88,33.54,0
2023-05-01,Z04,Centro,suburbana,55457,90.13,12.94,39.71,52.88,2.0,35.33,0
2023-06-01,Z04,Centro,suburbana,55457,90.34,13.77,40.64,53.51,1.99,31.55,0
2023-07-01,Z04,Centro,suburbana,55457,90.31,14.63,40.11,53.95,1.97,36.26,0
2023-08-01,Z04,Centro,suburbana,55457,90.38,15.55,40.44,54.4,1.95,32.35,0
01/09/2023,Z04,Centro,suburbana,55457,90.24,16.35,39.98,55.16,2.0,31.56,0
2023-10-01,Z04,Centro,suburbana,55457,90.14,17.65,40.66,56.19,2.0,33.38,0
2023-11-01,Z04,Centro,suburbana,55457,89.9,18.74,40.77,57.26,2.08,34.69,0
2023-12-01,Z04,Centro,suburbana,55457,89.71,19.67,40.71,57.07,2.01,35.45,0
2024-01-01,Z04,Centro,suburbana,55457,89.71,20.58,40.61,56.99,2.01,35.81,0
2024-02-01,Z04,Centro,suburbana,55457,89.59,21.58,40.95,56.59,1.82,32.85,0
2024-03-01,Z04,Centro,suburbana,55457,89.72,22.73,40.37,58.33,1.63,37.0,0
2024-04-01,Z04,Centro,suburbana,55457,90.08,23.59,39.71,58.34,1.61,36.63,0
2024-05-01,Z04,Centro,suburbana,55457,90.32,25.24,39.13,60.62,1.65,40.78,0
2024-06-01,Z04,Centro,suburbana,55457,90.2,26.31,38.9,63.46,1.72,37.61,0
2024-07-01,Z04,Centro,suburbana,55457,90.32,27.27,382.0,64.03,1.69,39.67,0
2024-08-01,Z04,Centro,suburbana,55457,90.22,28.44,37.97,62.59,1.69,38.03,0
01/09/2024,Z04,Centro,suburbana,55457,89.9,29.49,37.51,62.8,1.68,37.65,0
2024-10-01,Z04,Centro,suburbana,55457,89.86,30.43,36.99,63.96,1.52,41.23,0
2024-11-01,Z04,Centro,suburbana,55457,89.91,31.11,35.64,64.81,1.45,40.49,0
2024-12-01,Z04,Centro,suburbana,55457,89.93,32.42,35.88,64.83,1.32,39.52,0
2025-01-01,Z04,Centro,suburbana,55457,90.0,34.51,34.32,65.82,1.02,41.03,0
2025-02-01,Z04,Centro,suburbana,55457,89.9,35.91,33.35,68.36,1.01,41.98,0
2025-03-01,Z04,Centro,suburbana,55457,89.78,37.43,31.9,70.84,0.93,43.56,0
2025-04-01,Z04,Centro,suburbana,55457,90.13,38.56,32.44,-72.27,0.76,44.71,0
2025-05-01,Z04,Centro,suburbana,55457,,39.65,,73.97,0.7,46.46,0
2025-06-01,Z04,Centro,suburbana,55457,90.14,,31.79,75.86,0.57,45.51,0
2025-07-01,Z04,Centro,suburbana,55457,89.94,42.42,31.13,76.11,0.76,46.02,0
2025-08-01,Z04,Centro,suburbana,55457,90.03,43.47,30.97,76.45,0.81,48.53,0
2025-09-01,Z04,Centro,suburbana,55457,90.32,44.66,31.12,75.85,0.81,48.83,0
2025-10-01,Z04,Centro,suburbana,55457,90.38,45.8,31.4,76.67,0.93,48.34,0
2025-11-01,Z04,Centro,suburbana,55457,90.2,46.96,29.92,77.15,0.66,45.82,0
2025-12-01,Z04,Centro,suburbana,55457,90.22,48.14,29.74,76.66,0.88,48.06,0
2023-01-01,Z05,Este,urbana_premium,94471,95.39,17.97,32.56,77.37,0.91,40.98,0
2023-02-01,Z05,Este,urbana_premium,94471,95.14,18.47,32.31,76.6,0.94,42.94,0
2023-03-01,Z05,Este,urbana_premium,94471,94.62,19.04,32.8,75.87,0.87,42.33,0
2023-04-01,Z05,Este,urbana_premium,94471,94.52,19.8,32.78,76.25,0.96,42.81,0
2023-05-01,Z05,Este,urbana_premium,94471,94.11,21.26,32.56,75.65,1.09,44.21,0
2023-06-01,Z05,Este,urbana_premium,94471,94.4,23.0,32.5,75.93,1.18,43.08,0
01/07/2023,Z05,Este,urbana_premium,94471,94.3,24.58,32.48,75.41,1.17,44.31,0
2023-08-01,Z05,Este,urbana_premium,94471,94.21,26.04,32.78,75.42,1.26,44.34,0
2023-09-01,Z05,Este,urbana_premium,94471,93.93,27.82,32.43,74.6,1.19,42.62,0
2023-10-01,Z05,Este,urbana_premium,94471,93.96,29.13,32.21,75.91,1.25,45.25,0
2023-11-01,Z05,Este,suburbanx,94471,94.04,30.74,31.19,76.28,1.1,45.65,0
2023-12-01,Z05,Este,urbana_premium,94471,94.03,32.45,31.87,77.18,1.11,46.94,0
2024-01-01,Z05,Este,urbana_premium,94471,93.93,33.87,32.15,77.49,1.21,47.64,0
2024-02-01,Z05,Este,urbana_premium,94471,93.78,35.58,32.1,78.47,1.15,45.93,0
2024-03-01,Z05,Este,urbana_premium,94471,93.75,37.16,31.19,79.7,1.06,47.66,0
2024-04-01,Z05,Este,urbana_premium,94471,93.84,39.2,30.21,81.64,1.08,49.66,0
2024-05-01,Z05,Este,urbana_premium,94471,93.91,40.63,29.92,83.31,1.04,51.49,0
2024-06-01,Z05,Este,urbana_premium,94471,93.82,41.98,29.15,84.06,1.12,50.21,0
2024-07-01,Z05,Este,urbana_premium,94471,93.84,43.16,28.82,83.39,0.99,51.13,0
2024-08-01,Z05,Este,urbana_premium,94471,94.13,45.41,28.27,85.53,0.96,51.87,0
2024-09-01,Z05,Este,urbana_premium,94471,94.17,46.8,28.03,85.97,0.8,50.42,0
2024-10-01,Z05,Este,urbana_premium,94471,94.23,48.17,27.39,86.92,0.83,53.7,0
2024-11-01,Z05,Este,urbana_premium,94471,94.05,49.98,27.78,88.25,0.84,55.85,0
2024-12-01,Z05,Este,urbana_premium,94471,94.24,51.57,27.48,89.49,0.69,55.95,0
2025-01-01,Z05,Este,urbana_premium,94471,93.92,52.83,27.46,90.88,0.76,54.76,0
2025-02-01,Z05,Este,urbana_premium,94471,93.74,54.32,26.8,91.52,0.77,55.12,0
2025-03-01,Z05,Este,urbana_premium,94471,93.88,55.67,26.41,92.13,0.64,56.05,0
2025-04-01,Z05,Este,urbana_premium,94471,93.88,,26.67,92.68,0.58,53.88,0
2025-05-01,Z05,Este,urbana_premium,94471,93.76,58.86,25.69,94.34,0.54,59.66,0
2025-06-01,Z05,Este,urbana_premium,94471,93.84,60.53,25.24,94.6,0.67,54.98,0
2025-07-01,Z05,Este,urbana_premium,94471,93.53,62.04,24.95,95.42,0.67,58.24,0
2025-08-01,Z05,Este,urbana_premium,94471,93.85,63.96,24.83,96.29,0.67,59.05,0
2025-09-01,Z05,Este,urbana_premium,94471,94.02,65.56,24.68,97.34,0.48,58.65,0
2025-10-01,Z05,Este,urbana_premium,94471,93.8,67.04,24.48,95.9,0.47,59.74,0
2025-11-01,Z05,Este,urbana_premium,94471,94.3,69.08,24.3,95.78,0.47,59.38,0
2025-12-01,Z05,Este,urbana_premium,94471,94.19,70.32,24.37,94.81,0.52,62.73,0
2023-01-01,Z06,Sur,rural,19752,82.37,4.29,52.53,33.56,2.86,20.63,0
2023-02-01,Z06,Sur,rural,19752,82.23,4.75,53.81,32.82,2.98,22.45,0
2023-03-01,Z06,Sur,rural,19752,82.52,4.59,53.9,33.53,2.95,17.81,0
2023-04-01,Z06,Sur,rural-1,19752,82.27,5.05,54.42,32.36,2.97,18.54,0
2023-05-01,Z06,Sur,rural,19752,82.03,6.01,55.01,32.64,3.02,19.42,0
2023-06-01,Z06,Sur,rural,19752,81.9,5.67,54.73,30.77,2.94,17.56,0
2023-07-01,Z06,Sur,rural,19752,82.17,6.24,55.77,31.12,3.12,18.34,0
2023-08-01,Z06,Sur,suburbanx,19752,82.21,7.0,55.67,31.48,3.24,19.2,0
2023-09-01,Z06,Sur,rural,19752,81.94,7.26,55.91,31.6,3.23,19.91,0
2023-10-01,Z06,Sur,rural,19752,82.06,8.05,56.72,-32.45,3.2,22.79,0
2023-11-01,Z06,Sur,rural,19752,81.95,8.88,56.58,31.87,3.12,20.2,0
2023-12-01,Z06,Sur,rural,19752,81.68,9.63,57.09,31.29,3.22,19.29,0
2024-01-01,Z06,Sur,rural,19752,81.67,10.29,56.68,32.93,3.22,22.27,0
2024-02-01,Z06,Sur,rural,19752,81.78,10.93,56.12,32.9,3.24,19.9,0
2024-03-01,Z06,Sur,rural,19752,81.97,11.53,56.1,34.25,3.35,21.06,0
2024-04-01,Z06,Sur,rural,19752,,11.82,55.72,33.8,3.43,22.34,0
2024-05-01,Z06,Sur,rural,19752,81.99,12.64,54.35,32.64,3.4,22.18,0
2024-06-01,Z06,Sur,rural,19752,82.04,12.79,54.23,35.07,3.36,22.65,0
2024-07-01,Z06,Sur,rural,19752,81.95,13.3,53.07,35.69,3.32,20.31,0
2024-08-01,Z06,Sur,rural,19752,81.84,13.65,52.66,36.21,3.05,23.76,0
2024-09-01,Z06,Sur,rural-1,19752,82.03,,51.56,36.01,3.08,19.15,0
2024-10-01,Z06,Sur,rural,19752,81.96,14.7,52.15,36.32,3.03,24.24,0
2024-11-01,Z06,Sur,rural,19752,82.3,15.4,52.26,36.14,3.03,22.79,0
2024-12-01,Z06,Sur,rural,19752,82.11,16.12,51.37,37.48,3.0,24.65,0
2025-01-01,Z06,Sur,rural,19752,81.79,16.77,51.69,37.01,2.82,25.45,0
2025-02-01,Z06,Sur,rural,19752,81.9,17.54,52.36,38.58,2.81,28.65,0
2025-03-01,Z06,Sur,rural,19752,81.89,17.97,52.13,39.77,2.71,23.31,0
2025-04-01,Z06,Sur,rural,19752,82.34,18.71,51.41,41.05,2.67,25.34,0
2025-05-01,Z06,Sur,rural,19752,82.34,19.03,51.38,42.76,2.68,25.4,0
2025-06-01,Z06,Sur,rural,19752,82.15,19.64,51.1,42.27,2.73,23.39,0
2025-07-01,Z06,Sur,rural,19752,82.26,20.26,51.2,41.37,2.81,28.1,0
2025-08-01,Z06,Sur,rural,19752,82.35,20.6,51.51,41.88,2.65,26.44,0
2025-09-01,Z06,Sur,rural,19752,,21.51,51.48,42.11,2.79,28.61,0
2025-10-01,Z06,Sur,rural,19752,81.7,22.12,51.37,40.69,2.8,28.22,0
2025-11-01,Z06,Sur,rural,19752,81.6,22.89,51.03,40.44,2.93,25.71,0
2025-12-01,Z06,Sur,rural,19752,81.8,23.07,52.11,41.14,2.92,27.59,0
2023-01-01,Z07,Centro,rural,15473,80.91,4.99,54.66,-32.06,2.9,19.1,0
2023-02-01,Z07,Centro,rural,15473,81.16,5.41,54.14,32.91,3.05,17.51,0
2023-03-01,Z07,Centro,rural,15473,81.81,5.59,54.99,32.5,3.06,19.02,0
2023-04-01,Z07,Centro,rural,15473,81.94,5.99,55.3,31.44,3.16,20.84,0
2023-05-01,Z07,Centro,rural,15473,82.08,6.29,55.38,30.63,3.13,17.18,0
2023-06-01,Z07,Centro,rural,15473,82.1,6.48,55.41,28.51,3.09,21.24,0
2023-07-01,Z07,Centro,rural,15473,81.95,6.9,55.04,30.31,3.15,20.18,0
2023-08-01,Z07,Centro,rural,15473,82.38,7.66,55.28,30.05,3.2,21.12,0
2023-09-01,Z07,Centro,rural,15473,82.25,7.91,56.26,30.26,3.43,20.34,0
2023-10-01,Z07,Centro,rural,15473,82.5,8.44,56.7,30.02,3.36,21.27,0
2023-11-01,Z07,Centro,rural,15473,82.52,8.92,55.96,29.45,3.26,18.18,0
2023-12-01,Z07,Centro,rural,15473,82.39,9.69,55.97,28.5,3.28,20.67,0
2024-01-01,Z07,Centro,rural,15473,82.65,9.79,,30.95,3.33,22.23,0
2024-02-01,Z07,Centro,rural,15473,82.47,10.48,56.01,30.94,3.39,19.38,0
2024-03-01,Z07,Centro,rural,15473,82.39,11.1,55.48,31.72,3.3,20.11,0
2024-04-01,Z07,Centro,rural,15473,82.21,11.4,55.42,31.61,3.33,19.89,0
2024-05-01,Z07,Centro,rural,15473,82.05,11.91,55.71,32.87,3.25,22.54,0
2024-06-01,Z07,Centro,rural,15473,81.65,12.59,56.09,33.83,3.2,22.55,0
2024-07-01,Z07,Centro,rural,15473,81.92,12.77,54.58,34.79,3.09,24.25,0
2024-08-01,Z07,Centro,rural,15473,81.89,13.1,53.57,33.47,3.02,22.09,0
2024-09-01,Z07,Centro,rural,15473,81.84,14.23,53.86,34.71,2.82,23.79,0
2024-10-01,Z07,Centro,rural,15473,81.99,15.01,53.84,35.05,2.96,21.85,0
2024-11-01,Z07,Centro,rural,15473,82.13,15.26,52.85,37.5,2.88,25.06,0
2024-12-01,Z07,Centro,rural,15473,82.13,16.0,53.1,38.09,2.69,22.93,0
2025-01-01,Z07,Centro,rural,15473,82.19,17.41,50.87,40.1,2.48,24.57,0
2025-02-01,Z07,Centro,rural,15473,81.89,,49.62,42.77,2.44,25.3,0
2025-03-01,Z07,Centro,rural,15473,81.85,19.35,48.65,43.31,2.27,25.08,0
2025-04-01,Z07,Centro,rural,15473,81.69,20.24,48.63,43.45,2.22,25.9,0
2025-05-01,Z07,Centro,rural,15473,81.84,21.01,47.63,43.86,2.19,28.33,0
2025-06-01,Z07,Centro,rural,15473,,21.81,48.11,45.01,2.21,25.75,0
2025-07-01,Z07,Centro,rural,15473,81.62,22.08,46.89,46.64,2.12,26.6,0
2025-08-01,Z07,Centro,rural,15473,81.49,22.5,47.04,46.52,2.17,27.96,0
2025-09-01,Z07,Centro,rural,15473,81.7,23.36,47.98,46.14,2.19,29.37,0
2025-10-01,Z07,Centro,rural,15473,82.02,23.75,47.86,47.64,2.26,28.5,0
2025-11-01,Z07,Centro,rural,15473,81.97,24.46,,47.42,2.29,28.5,0
2025-12-01,Z07,Centro,rural,15473,81.86,25.35,49.54,46.04,2.35,27.21,0
2023-01-01,Z08,Sur,rural,17023,82.61,3.47,56.78,34.75,3.12,17.42,0
2023-02-01,Z08,Sur,rural,17023,82.28,3.84,56.32,34.06,3.19,16.42,0
2023-03-01,Z08,Sur,rural,17023,82.37,4.25,55.99,32.18,3.21,15.56,0
2023-04-01,Z08,Sur,rural,17023,82.37,4.36,55.94,31.81,3.29,18.92,0
2023-05-01,Z08,Sur,rural,17023,82.14,4.85,56.52,31.99,3.25,18.77,0
2023-06-01,Z08,Sur,rural,17023,81.81,5.59,55.61,32.24,3.28,22.79,0
2023-07-01,Z08,Sur,rural,17023,81.67,6.17,56.61,32.73,3.25,19.58,0
2023-08-01,Z08,Sur,rural,17023,81.77,6.84,56.21,32.13,3.17,19.79,0
2023-09-01,Z08,Sur,rural,17023,81.92,7.38,55.52,32.54,3.26,18.91,0
2023-10-01,Z08,Sur,rural,17023,81.89,7.62,55.29,31.75,3.4,19.04,0
2023-11-01,Z08,Sur,rural,17023,82.04,8.21,55.66,31.58,3.46,19.48,0
2023-12-01,Z08,Sur,rural,17023,81.75,8.59,55.52,30.75,3.47,19.41,0
2024-01-01,Z08,Sur,rural,17023,82.25,8.96,55.69,30.4,3.39,20.88,0
2024-02-01,Z08,Sur,rural,17023,81.76,9.87,56.49,30.83,3.39,22.06,0
2024-03-01,Z08,Sur,rural,17023,81.8,10.49,55.07,32.13,3.34,19.51,0
2024-04-01,Z08,Sur,rural,17023,81.88,11.1,54.75,33.22,3.2,23.04,0
2024-05-01,Z08,Sur,rural,17023,81.67,11.69,55.51,34.59,3.19,20.12,0
2024-06-01,Z08,Sur,rural,17023,81.67,12.46,55.07,34.87,3.15,21.57,0
2024-07-01,Z08,Sur,rural,17023,81.51,13.04,55.03,34.33,3.09,20.7,0
2024-08-01,Z08,Sur,rural,17023,81.68,13.65,55.12,35.59,2.94,23.43,0
2024-09-01,Z08,Sur,rural,17023,81.63,14.22,54.54,35.95,2.99,21.51,0
2024-10-01,Z08,Sur,rural,17023,81.63,14.78,53.62,37.62,2.98,25.66,0
2024-11-01,Z08,Sur,rural,17023,82.15,15.26,53.15,37.28,2.85,22.83,0
2024-12-01,Z08,Sur,rural,17023,81.92,15.77,52.63,37.2,2.87,22.42,0
2025-01-01,Z08,Sur,rural,17023,82.45,16.45,52.28,37.25,2.93,26.23,0
2025-02-01,Z08,Sur,rural,17023,82.37,16.89,52.03,37.55,2.95,25.9,0
2025-03-01,Z08,Sur,rural,17023,82.27,17.12,51.26,39.24,2.94,26.55,0
2025-04-01,Z08,Sur,rural,17023,81.9,18.12,51.59,38.75,2.83,25.29,0
2025-05-01,Z08,Sur,rural,17023,81.88,18.48,51.2,39.46,2.76,24.25,0
2025-06-01,Z08,Sur,rural,17023,81.84,19.34,51.28,40.02,2.69,25.56,0
2025-07-01,Z08,Sur,rural,17023,81.54,20.26,51.16,40.67,2.75,22.61,0
2025-08-01,Z08,Sur,rural,17023,81.32,21.02,51.1,41.21,2.7,26.69,0
2025-09-01,Z08,Sur,rural,17023,81.69,21.79,51.0,39.85,2.77,28.03,0
2025-10-01,Z08,Sur,rural,17023,81.9,22.18,51.41,41.06,2.89,25.24,0
2025-11-01,Z08,Sur,rural,17023,81.89,23.03,51.49,40.36,2.92,27.66,0
2025-12-01,Z08,Sur,rural,17023,81.94,23.67,51.48,41.74,2.85,26.31,0
2023-01-01,Z09,Norte,urbana_premium,102625,94.01,18.35,29.73,72.74,0.42,41.35,0
2023-02-01,Z09,Norte,urbana_premium,102625,93.96,18.88,30.67,72.93,0.57,42.61,0
2023-03-01,Z09,Norte,urbana_premium,102625,94.04,19.24,31.45,72.79,0.82,42.66,0
2023-04-01,Z09,Norte,urbana_premium,102625,94.08,20.35,31.64,74.05,0.88,41.99,0
2023-05-01,Z09,Norte,urbana_premium,102625,94.21,21.43,31.62,73.58,0.88,39.37,0
2023-06-01,Z09,Norte,urbana_premium,102625,94.28,23.23,32.53,73.0,1.03,44.81,0
2023-07-01,Z09,Norte,urbana_premium,102625,94.11,24.57,,74.1,1.02,43.49,0
2023-08-01,Z09,Norte,urbana_premium,102625,93.8,26.09,32.35,74.2,1.01,40.18,0
2023-09-01,Z09,Norte,urbana_premium,102625,93.81,27.36,31.65,75.33,1.06,42.42,0
2023-10-01,Z09,Norte,urbana_premium,102625,93.77,29.13,32.09,75.85,1.18,42.88,0
2023-11-01,Z09,Norte,urbana_premium,102625,93.84,30.63,31.84,76.84,1.16,46.11,0
2023-12-01,Z09,Norte,urbana_premium,102625,93.99,31.42,32.33,75.14,1.15,47.13,0
2024-01-01,Z09,Norte,urbana_premium,102625,93.94,32.8,31.54,77.25,1.03,48.01,0
2024-02-01,Z09,Norte,urbana_premium,102625,93.95,34.31,31.09,77.46,1.15,48.02,0
2024-03-01,Z09,Norte,urbana_premium,102625,93.65,36.04,,79.63,1.05,49.94,0
01/04/2024,Z09,Norte,urbana_premium,102625,93.75,37.55,30.06,79.89,0.97,48.4,0
2024-05-01,Z09,Norte,urbana_premium,102625,93.6,38.84,29.72,79.64,0.93,47.26,0
2024-06-01,Z09,Norte,urbana_premium,102625,90.43,40.33,46.9,62.48,4.49,42.22,1
2024-07-01,Z09,Norte,urbana_premium,102625,91.4,42.31,41.06,69.27,3.4,44.45,0
2024-08-01,Z09,Norte,urbana_premium,102625,92.26,44.2,37.06,74.24,2.69,47.57,0
2024-09-01,Z09,Norte,urbana_premium,102625,92.73,45.96,34.9,77.37,2.17,46.71,0
2024-10-01,Z09,Norte,urbana_premium,102625,93.15,48.03,32.69,81.02,1.68,51.32,0
2024-11-01,Z09,Norte,urbana_premium,102625,93.36,49.39,30.65,83.9,1.31,51.24,0
2024-12-01,Z09,Norte,urbana_premium,102625,93.31,51.11,29.46,86.23,1.17,53.49,0
2025-01-01,Z09,Norte,urbana_premium,102625,93.59,52.77,28.22,87.56,1.15,53.77,0
2025-02-01,Z09,Norte,urbana_premium,102625,93.59,54.44,27.4,88.09,1.05,55.06,0
2025-03-01,Z09,Norte,urbana_premium,102625,93.51,56.28,26.91,88.78,1.02,56.9,0
2025-04-01,Z09,Norte,urbana_premium,102625,93.66,58.13,,90.38,0.81,57.83,0
2025-05-01,Z09,Norte,urbana_premium,102625,93.85,59.54,25.38,91.79,0.72,55.85,0
2025-06-01,Z09,Norte,urbana_premium,102625,93.63,61.13,23.89,92.97,0.62,60.46,0
2025-07-01,Z09,Norte,urbana_premium,102625,93.65,62.75,23.82,93.85,0.66,58.49,0
2025-08-01,Z09,Norte,urbana_premium,102625,93.93,63.97,24.09,95.15,0.69,62.83,0
2025-09-01,Z09,Norte,urbana_premium,102625,93.82,65.21,23.71,95.94,0.71,60.55,0
2025-10-01,Z09,Norte,urbana_premium,102625,93.67,67.07,,96.92,0.92,61.56,0
2025-11-01,Z09,Norte,urbana??,102625,93.87,68.55,22.9,96.32,0.79,59.6,0
2025-12-01,Z09,Norte,urbana_premium,102625,94.22,70.25,23.59,96.15,0.79,64.07,0
01/01/2023,Z10,Este,suburbana,27514,89.62,10.31,39.75,53.32,1.3,31.56,0
2023-02-01,Z10,Este,suburbana,27514,89.35,10.33,40.07,54.09,1.33,31.5,0
2023-03-01,Z10,Este,suburbana,27514,89.73,11.08,40.12,53.97,1.4,32.55,0
2023-04-01,Z10,Este,suburbana,27514,89.84,11.89,40.31,-54.85,1.53,33.46,0
2023-05-01,Z10,Este,suburbana,27514,90.05,12.45,39.61,56.02,1.65,30.23,0
2023-06-01,Z10,Este,suburbana,27514,89.9,13.55,39.83,55.31,1.83,31.4,0
2023-07-01,Z10,Este,suburbana,27514,89.79,14.52,40.31,55.62,1.93,33.48,0
2023-08-01,Z10,Este,suburbana,27514,89.94,15.41,40.49,55.61,1.96,34.78,0
2023-09-01,Z10,Este,suburbana,27514,90.06,16.44,40.21,55.67,1.97,34.42,0
2023-10-01,Z10,Este,suburbana,27514,90.44,17.35,40.53,56.59,1.99,38.35,0
2023-11-01,Z10,Este,suburbana,27514,90.24,18.52,40.15,56.31,2.01,36.38,0
2023-12-01,Z10,Este,suburbana,27514,90.22,,40.13,56.31,2.2,36.16,0
2024-01-01,Z10,Este,suburbana,27514,90.03,20.72,39.65,57.46,2.1,36.04,0
2024-02-01,Z10,Este,suburbana,27514,90.01,21.97,39.25,56.98,2.06,37.2,0
2024-03-01,Z10,Este,suburbana,27514,90.07,22.81,39.53,57.14,1.96,35.25,0
01/04/2024,Z10,Este,suburbana,27514,90.28,24.07,39.57,59.01,2.12,34.87,0
2024-05-01,Z10,Este,suburbana,27514,90.06,24.98,38.8,58.85,1.98,35.84,0
2024-06-01,Z10,Este,suburbana,27514,90.1,26.11,38.72,60.21,1.93,37.68,0
2024-07-01,Z10,Este,suburbana,27514,90.45,,37.45,60.33,1.7,39.18,0
2024-08-01,Z10,Este,suburbana,27514,90.3,28.25,38.16,61.86,1.71,38.03,0
2024-09-01,Z10,Este,suburbana,27514,90.03,29.38,37.69,61.42,1.62,39.65,0
2024-10-01,Z10,Este,suburbana,27514,89.98,30.3,36.89,62.65,1.56,41.01,0
2024-11-01,Z10,Este,suburbana,27514,90.18,31.4,36.24,64.23,1.54,40.23,0
2024-12-01,Z10,Este,suburbana,27514,90.27,32.81,36.46,66.59,1.4,41.69,0
2025-01-01,Z10,Este,suburbana,27514,90.19,33.86,35.63,66.02,1.36,40.87,0
2025-02-01,Z10,Este,suburbana,27514,90.15,34.76,34.76,67.11,1.33,43.36,0
2025-03-01,Z10,Este,suburbana,27514,90.5,,34.79,67.06,1.2,45.65,0
2025-04-01,Z10,Este,suburbanx,27514,90.18,36.85,34.52,67.92,1.13,42.96,0
2025-05-01,Z10,Este,suburbana,27514,90.35,37.84,33.68,69.42,1.19,43.18,0
2025-06-01,Z10,Este,suburbana,27514,89.96,38.88,33.69,70.73,1.12,44.14,0
2025-07-01,Z10,Este,suburbana,27514,90.09,39.54,34.18,69.95,1.19,44.88,0
2025-08-01,Z10,Este,suburbana,27514,90.26,41.04,33.0,69.75,1.23,45.01,0
2025-09-01,Z10,Este,suburbana,27514,90.27,42.48,33.55,70.06,1.12,45.14,0
2025-10-01,Z10,Este,suburbana,27514,90.26,43.36,33.98,71.13,1.22,41.58,0
2025-11-01,Z10,Este,suburbana,27514,89.95,45.03,33.81,69.7,1.38,46.4,0
2025-12-01,Z10,Este,suburbana,27514,90.17,46.14,34.19,70.44,1.48,50.4,0
2023-01-01,Z11,Oeste,suburbana,41163,90.6,9.17,41.04,59.33,1.8,31.42,0
2023-02-01,Z11,Oeste,suburbana,41163,90.37,9.63,40.39,55.94,1.73,32.51,0
2023-03-01,Z11,Oeste,suburbana,41163,90.17,10.87,40.39,56.59,1.75,33.52,0
2023-04-01,Z11,Oeste,suburbana,41163,90.17,11.93,40.47,56.44,1.79,32.21,0
2023-05-01,Z11,Oeste,suburbana,41163,90.19,13.2,404.09999999999997,56.28,1.91,34.81,0
2023-06-01,Z11,Oeste,suburbana,41163,90.14,13.32,40.75,54.22,2.02,33.14,0
2023-07-01,Z11,Oeste,suburbana,41163,90.27,14.09,40.08,54.68,1.99,32.66,0
2023-08-01,Z11,Oeste,suburbana,41163,90.21,15.84,406.8,55.66,2.05,36.2,0
2023-09-01,Z11,Oeste,suburbana,41163,90.11,16.23,,56.27,1.96,33.85,0
2023-10-01,Z11,Oeste,suburbana,41163,89.95,17.69,40.97,56.69,2.02,34.44,0
2023-11-01,Z11,Oeste,suburbana,41163,90.0,18.4,39.83,56.76,2.04,36.73,0
2023-12-01,Z11,Oeste,suburbana,41163,90.28,19.89,39.5,56.61,2.05,39.53,0
2024-01-01,Z11,Oeste,suburbana,41163,90.47,21.15,39.46,56.3,2.08,34.68,0
2024-02-01,Z11,Oeste,suburbana,41163,90.28,22.07,40.21,56.71,1.85,37.27,0
2024-03-01,Z11,Oeste,suburbana,41163,90.07,23.08,39.86,57.3,1.91,34.46,0
2024-04-01,Z11,Oeste,suburbana,41163,89.96,24.27,39.25,56.98,1.93,38.81,0
2024-05-01,Z11,Oeste,suburbana,41163,89.96,24.8,39.28,56.99,1.89,36.0,0
2024-06-01,Z11,Oeste,suburbana,41163,89.76,25.86,38.75,58.05,1.87,37.02,0
2024-07-01,Z11,Oeste,suburbana,41163,90.01,27.11,38.0,58.92,1.67,38.98,0
2024-08-01,Z11,Oeste,suburbana,41163,89.94,27.68,37.4,59.79,1.74,36.25,0
2024-09-01,Z11,Oeste,suburbana,41163,89.7,29.24,37.69,60.8,1.61,40.16,0
2024-10-01,Z11,Oeste,suburbana,41163,89.37,29.95,37.01,63.51,1.52,39.65,0
2024-11-01,Z11,Oeste,suburbana,41163,89.76,31.73,36.27,64.49,1.6,38.35,0
2024-12-01,Z11,Oeste,suburbana,41163,90.02,32.56,35.94,65.26,1.44,39.82,0
2025-01-01,Z11,Oeste,suburbana,41163,90.06,33.95,35.5,66.25,1.42,40.51,0
2025-02-01,Z11,Oeste,suburbana,41163,90.18,35.21,36.33,66.81,1.33,43.67,0
2025-03-01,Z11,Oeste,suburbana,41163,90.27,36.1,354.90000000000003,68.07,1.23,42.51,0
2025-04-01,Z11,Oeste,suburbana,41163,90.21,37.42,34.76,67.31,1.08,41.7,0
01/05/2025,Z11,Oeste,suburbana,41163,89.91,38.4,33.94,67.76,1.06,43.14,0
2025-06-01,Z11,Oeste,suburbana,41163,90.17,39.61,33.9,68.35,1.08,45.02,0
2025-07-01,Z11,Oeste,suburbana,41163,90.23,,33.88,67.65,1.14,45.95,0
2025-08-01,Z11,Oeste,suburbana,41163,90.11,41.95,33.46,68.89,1.19,45.24,0
2025-09-01,Z11,Oeste,suburbana,41163,90.06,42.95,33.98,70.66,1.23,47.02,0
2025-10-01,Z11,Oeste,suburbana,41163,89.91,44.14,33.66,71.68,1.45,45.99,0
2025-11-01,Z11,Oeste,suburbana,41163,89.54,44.99,343.8,71.99,1.47,47.61,0
2025-12-01,Z11,Oeste,suburbana,41163,89.77,46.33,34.8,72.92,1.52,48.18,0
2023-01-01,Z12,Norte,rural,11707,,3.44,57.39,33.53,3.21,15.79,0
2023-02-01,Z12,Norte,rural,11707,81.83,4.21,56.66,31.64,3.31,19.58,0
2023-03-01,Z12,Norte,rural,11707,81.87,4.42,56.81,31.18,3.34,19.43,0
2023-04-01,Z12,Norte,rural,11707,81.95,4.87,56.41,31.99,3.24,16.54,0
2023-05-01,Z12,Norte,rural,11707,82.08,5.48,56.5,32.02,3.22,20.49,0
2023-06-01,Z12,Norte,rural,11707,82.04,5.82,56.25,33.21,3.11,20.3,0
2023-07-01,Z12,Norte,rural,11707,81.73,6.33,56.05,30.96,3.21,18.71,0
2023-08-01,Z12,Norte,rural,11707,81.43,7.09,56.78,32.07,3.29,19.36,0
2023-09-01,Z12,Norte,rural,11707,81.84,8.01,57.15,31.05,3.34,20.53,0
2023-10-01,Z12,Norte,rural,11707,81.56,8.54,57.91,31.59,3.47,20.04,0
2023-11-01,Z12,Norte,rural,11707,81.68,9.07,57.02,30.86,3.54,22.14,0
2023-12-01,Z12,Norte,rural,11707,81.6,9.76,56.68,31.43,3.52,21.83,0
2024-01-01,Z12,Norte,rural,11707,81.73,10.53,56.55,32.19,3.41,24.08,0
2024-02-01,Z12,Norte,rural,11707,81.9,11.08,55.51,31.8,3.47,21.68,0
2024-03-01,Z12,Norte,rural,11707,81.58,11.73,55.16,33.39,3.4,21.68,0
2024-04-01,Z12,Norte,rural,11707,81.92,11.89,54.6,33.5,3.4,19.8,0
2024-05-01,Z12,Norte,rural,11707,81.64,12.6,54.27,33.65,3.18,20.88,0
2024-06-01,Z12,Norte,rural,11707,79.64,11.88,71.11,11.37,7.77,17.62,1
2024-07-01,Z12,Norte,rural,11707,80.61,12.56,65.82,18.97,6.26,18.02,0
2024-08-01,Z12,Norte,rural,11707,81.03,13.69,62.56,24.22,5.25,20.81,0
2024-09-01,Z12,Norte,rural,11707,81.21,14.52,59.57,27.63,4.46,23.16,0
2024-10-01,Z12,Norte,rural,11707,81.42,15.54,57.16,31.19,4.14,20.53,0
2024-11-01,Z12,Norte,rural,11707,81.25,,55.23,33.64,3.68,23.13,0
2024-12-01,Z12,Norte,rural,11707,81.31,16.74,54.35,34.81,3.33,22.65,0
2025-01-01,Z12,Norte,rural,11707,81.26,17.14,53.5,36.25,3.11,23.48,0
2025-02-01,Z12,Norte,rural,11707,81.36,17.86,53.43,37.34,3.0,23.62,0
2025-03-01,Z12,Norte,rural,11707,81.62,18.76,52.92,37.25,2.91,26.45,0
2025-04-01,Z12,Norte,rural,11707,81.69,19.43,51.98,37.48,2.83,22.4,0
2025-05-01,Z12,Norte,rural,11707,81.74,20.15,50.77,37.87,2.69,25.43,0
2025-06-01,Z12,Norte,rural,11707,81.75,20.86,51.21,39.5,2.68,26.47,0
2025-07-01,Z12,Norte,rural,11707,81.67,21.41,50.6,40.9,2.76,26.47,0
2025-08-01,Z12,Norte,rural,11707,81.74,21.86,49.43,41.47,2.73,26.47,0
2025-09-01,Z12,Norte,rural,11707,81.94,22.25,49.44,41.5,2.74,27.04,0
2025-10-01,Z12,Norte,rural,11707,81.99,22.96,49.52,41.71,2.85,24.56,0
2025-11-01,Z12,Norte,rural,11707,82.03,23.25,49.98,40.98,2.84,29.96,0
2025-12-01,Z12,Norte,rural,11707,81.79,,49.96,42.36,2.84,27.15,0
2023-01-01,Z13,Este,suburbana,37333,,9.49,39.3,58.83,1.97,33.2,0
2023-02-01,Z13,Este,suburbana,37333,89.88,9.86,39.49,58.22,1.91,31.24,0
2023-03-01,Z13,Este,suburbana,37333,89.63,10.59,40.25,56.32,1.9,32.15,0
2023-04-01,Z13,Este,suburbana,37333,89.87,11.61,,54.67,1.83,33.49,0
2023-05-01,Z13,Este,suburbana,37333,89.81,12.28,39.4,56.04,1.9,33.66,0
2023-06-01,Z13,Este,suburbana,37333,90.04,13.39,39.71,55.59,1.87,37.01,0
2023-07-01,Z13,Este,suburbana,37333,90.13,14.24,40.25,54.69,2.01,32.31,0
2023-08-01,Z13,Este,suburbana,37333,90.18,15.53,40.6,54.95,2.0,33.73,0
2023-09-01,Z13,Este,suburbana,37333,90.02,16.41,41.32,55.08,1.94,33.17,0
2023-10-01,Z13,Este,suburbana,37333,90.21,17.62,41.37,55.18,2.0,33.59,0
2023-11-01,Z13,Este,suburbana,37333,90.1,18.86,41.49,54.85,1.93,35.05,0
2023-12-01,Z13,Este,suburbana,37333,90.38,19.37,41.24,54.5,1.9,34.79,0
2024-01-01,Z13,Este,suburbana,37333,90.19,20.39,40.85,55.09,1.8,36.81,0
2024-02-01,Z13,Este,suburbana,37333,90.27,21.77,39.78,56.35,1.89,34.85,0
2024-03-01,Z13,Este,suburbana,37333,90.19,22.83,40.43,58.7,1.75,40.61,0
2024-04-01,Z13,Este,suburbana,37333,89.97,24.17,40.36,58.42,1.8,36.97,0
2024-05-01,Z13,Este,suburbana,37333,90.08,25.25,40.28,59.3,1.77,39.36,0
2024-06-01,Z13,Este,suburbana,37333,90.16,26.46,39.23,59.37,1.7,37.42,0
2024-07-01,Z13,Este,suburbana,37333,90.25,27.7,38.58,61.56,1.77,39.47,0
2024-08-01,Z13,Este,suburbana,37333,90.03,29.04,38.02,62.41,1.67,38.2,0
2024-09-01,Z13,Este,suburbana,37333,89.76,30.08,37.16,65.49,1.53,38.14,0
2024-10-01,Z13,Este,suburbana,37333,89.92,31.35,36.79,66.06,1.35,39.74,0
2024-11-01,Z13,Este,suburbana,37333,89.75,31.75,36.43,64.61,1.25,39.89,0
2024-12-01,Z13,Este,suburbana,37333,,32.91,36.15,66.19,1.32,42.9,0
2025-01-01,Z13,Este,suburbana,37333,89.77,34.03,35.93,66.96,1.27,41.28,0
2025-02-01,Z13,Este,suburbana,37333,89.69,35.17,35.42,67.09,1.21,40.38,0
2025-03-01,Z13,Este,suburbana,37333,89.96,36.22,34.65,68.47,1.16,40.9,0
2025-04-01,Z13,Este,suburbana,37333,90.16,37.13,34.25,69.0,1.26,43.61,0
2025-05-01,Z13,Este,suburbana,37333,89.89,38.36,33.91,70.88,1.24,40.63,0
2025-06-01,Z13,Este,suburbana,37333,,39.89,34.58,72.25,1.16,46.06,0
2025-07-01,Z13,Este,suburbana,37333,89.86,40.88,33.76,71.42,1.14,46.3,0
2025-08-01,Z13,Este,suburbana,37333,90.05,41.91,,71.14,1.13,46.84,0
2025-09-01,Z13,Este,suburbana,37333,90.25,43.15,33.05,69.14,1.06,48.18,0
2025-10-01,Z13,Este,suburbana,37333,90.1,43.92,34.09,70.75,1.16,45.76,0
2025-11-01,Z13,Este,suburbana,37333,90.05,,34.85,71.24,1.31,48.25,0
2025-12-01,Z13,Este,suburbana,37333,89.82,46.24,,69.36,1.22,45.12,0
2023-01-01,Z14,Norte,rural,13074,82.37,,54.93,36.12,2.61,21.79,0
2023-02-01,Z14,Norte,rural,13074,82.13,4.77,55.01,35.57,2.75,19.57,0
2023-03-01,Z14,Norte,rural,13074,81.99,4.93,55.31,33.75,2.85,18.44,0
2023-04-01,Z14,Norte,rural,13074,82.41,5.17,56.14,32.86,2.98,17.66,0
2023-05-01,Z14,Norte,rural,13074,82.2,5.59,56.8,32.49,3.17,20.45,0
2023-06-01,Z14,Norte,rural,13074,82.44,6.0,57.68,31.66,3.15,17.89,0
2023-07-01,Z14,Norte,rural,13074,82.72,6.68,57.1,32.37,3.26,23.25,0
2023-08-01,Z14,Norte,rural,13074,82.23,7.07,56.66,30.46,3.37,19.46,0
2023-09-01,Z14,Norte,rural,13074,82.29,8.15,56.4,30.32,3.39,21.82,0
2023-10-01,Z14,Norte,rural,13074,82.1,8.38,56.84,30.88,3.24,18.44,0
2023-11-01,Z14,Norte,rural,13074,,8.96,56.3,30.95,3.29,21.86,0
2023-12-01,Z14,Norte,rural,13074,82.0,9.25,56.33,31.17,3.36,18.71,0
2024-01-01,Z14,Norte,rural,13074,82.06,10.1,56.38,31.65,3.35,19.71,0
2024-02-01,Z14,Norte,rural,13074,,10.91,56.06,31.37,3.3,21.55,0
2024-03-01,Z14,Norte,rural-1,13074,81.95,11.47,56.03,32.7,3.39,22.97,0
2024-04-01,Z14,Norte,rural,13074,81.8,11.71,55.63,32.82,3.25,20.84,0
2024-05-01,Z14,Norte,rural,13074,81.77,12.12,55.12,34.35,3.23,25.5,0
2024-06-01,Z14,Norte,rural,13074,79.23,11.96,83.09,-20.34,8.4,15.83,1
2024-07-01,Z14,Norte,rural,13074,,12.61,74.22,23.89,6.69,18.9,0
2024-08-01,Z14,Norte,rural,13074,80.72,13.18,68.0,27.52,5.52,20.14,0
2024-09-01,Z14,Norte,rural,13074,80.89,13.81,63.48,31.4,4.82,19.29,0
2024-10-01,Z14,Norte,rural,13074,81.39,,60.96,32.75,4.31,20.44,0
2024-11-01,Z14,Norte,rural,13074,81.94,15.42,57.8,34.36,3.9,24.35,0
2024-12-01,Z14,Norte,rural,13074,81.94,16.15,56.29,36.17,3.44,22.2,0
2025-01-01,Z14,Norte,rural,13074,82.0,17.11,55.53,38.08,3.23,25.21,0
2025-02-01,Z14,Norte,rural,13074,81.88,17.64,53.84,38.04,3.07,24.64,0
2025-03-01,Z14,Norte,rural,13074,82.04,18.36,530.8,39.48,2.93,25.6,0
2025-04-01,Z14,Norte,rural,13074,81.9,,52.71,39.66,2.83,24.23,0
2025-05-01,Z14,Norte,rural,13074,81.83,19.27,52.7,41.15,2.81,28.28,0
2025-06-01,Z14,Norte,rural,13074,81.85,20.64,52.03,-41.62,2.72,26.52,0
2025-07-01,Z14,Norte,rural,13074,82.05,21.02,52.48,41.94,2.72,24.89,0
2025-08-01,Z14,Norte,rural,13074,82.11,21.46,51.76,41.39,2.91,26.07,0
2025-09-01,Z14,Norte,rural,13074,81.81,21.82,51.55,41.96,2.9,27.41,0
2025-10-01,Z14,Norte,rural,13074,81.75,22.49,51.1,41.43,2.8,24.83,0
2025-11-01,Z14,Norte,rural,13074,82.02,23.23,51.69,41.49,2.88,24.41,0
2025-12-01,Z14,Norte,rural,13074,82.17,23.8,52.02,41.71,2.82,25.15,0
2023-01-01,Z15,Oeste,suburbana,62939,89.37,,40.35,51.06,1.33,31.15,0
2023-02-01,Z15,Oeste,suburbana,62939,89.35,10.52,40.78,51.24,1.42,32.57,0
2023-03-01,Z15,Oeste,suburbana,62939,89.47,10.89,41.19,52.1,1.6,31.91,0
2023-04-01,Z15,Oeste,suburbana,62939,89.57,11.73,41.14,53.69,1.62,31.85,0
2023-05-01,Z15,Oeste,suburbana,62939,89.69,12.7,40.54,54.81,1.72,30.4,0
2023-06-01,Z15,Oeste,suburbana,62939,90.0,14.07,41.07,55.92,1.78,30.69,0
2023-07-01,Z15,Oeste,suburbana,62939,89.67,14.89,40.73,54.99,1.83,34.06,0
2023-08-01,Z15,Oeste,suburbana,62939,89.5,15.63,41.44,54.29,1.94,32.39,0
2023-09-01,Z15,Oeste,suburbana,62939,89.75,16.84,41.57,55.38,1.87,35.55,0
2023-10-01,Z15,Oeste,suburbana,62939,89.67,17.82,41.41,55.94,1.93,32.95,0
2023-11-01,Z15,Oeste,suburbana,62939,89.53,18.98,41.21,56.99,1.95,32.5,0
2023-12-01,Z15,Oeste,suburbana,62939,89.84,19.83,41.07,56.54,2.08,33.84,0
2024-01-01,Z15,Oeste,suburbana,62939,89.83,20.87,40.24,57.17,2.16,34.9,0
2024-02-01,Z15,Oeste,suburbana,62939,89.95,21.24,40.02,57.35,2.02,37.57,0
2024-03-01,Z15,Oeste,suburbana,62939,89.91,22.44,39.6,56.52,1.89,37.79,0
2024-04-01,Z15,Oeste,suburbana,62939,89.56,23.48,39.17,58.95,1.92,35.8,0
2024-05-01,Z15,Oeste,suburbana,62939,89.92,24.54,39.36,58.59,1.95,36.7,0
2024-06-01,Z15,Oeste,suburbana,62939,89.76,25.73,39.01,59.28,1.9,36.82,0
2024-07-01,Z15,Oeste,suburbana,62939,89.94,27.06,38.47,60.1,1.82,39.31,0
2024-08-01,Z15,Oeste,suburbana,62939,90.33,28.44,38.41,63.61,1.77,40.35,0
2024-09-01,Z15,Oeste,suburbana,62939,90.36,29.26,37.58,63.65,1.73,39.78,0
2024-10-01,Z15,Oeste,suburbana,62939,90.28,30.68,37.45,64.22,1.58,42.28,0
2024-11-01,Z15,Oeste,urbana??,62939,90.33,31.35,36.7,65.13,1.57,42.38,0
2024-12-01,Z15,Oeste,suburbana,62939,90.28,32.67,36.22,65.38,1.47,41.57,0
2025-01-01,Z15,Oeste,suburbana,62939,90.19,33.34,35.58,66.33,1.38,41.49,0
2025-02-01,Z15,Oeste,suburbana,62939,90.22,34.33,34.48,66.89,1.39,44.93,0
2025-03-01,Z15,Oeste,suburbana,62939,90.3,35.26,34.27,67.91,1.35,43.72,0
2025-04-01,Z15,Oeste,suburbana,62939,90.04,36.61,34.37,-69.2,1.24,42.78,0
2025-05-01,Z15,Oeste,suburbana,62939,89.54,37.71,33.97,68.84,1.24,43.18,0
2025-06-01,Z15,Oeste,suburbana,62939,89.27,39.02,334.90000000000003,69.81,1.14,43.69,0
2025-07-01,Z15,Oeste,suburbana,62939,,40.29,33.63,70.01,1.06,42.06,0
2025-08-01,Z15,Oeste,suburbana,62939,89.5,41.43,33.41,70.85,1.11,43.38,0
2025-09-01,Z15,Oeste,suburbana,62939,89.6,42.62,33.71,72.4,1.13,45.33,0
2025-10-01,Z15,Oeste,suburbana,62939,89.8,43.71,33.59,70.92,1.17,44.3,0
2025-11-01,Z15,Oeste,suburbana,62939,89.55,44.63,33.3,71.48,1.3,44.71,0
2025-12-01,Z15,Oeste,suburbana,62939,89.64,45.34,33.41,71.72,1.43,45.33,0
2023-01-01,Z16,Este,urbana_premium,72683,94.83,16.93,29.27,74.97,1.26,40.73,0
2023-02-01,Z16,Este,urbana_premium,72683,94.38,17.75,30.18,75.71,1.18,42.99,0
2023-03-01,Z16,Este,urbana_premium,72683,94.27,18.75,31.29,74.82,1.35,41.77,0
2023-04-01,Z16,Este,urbana_premium,72683,94.26,20.09,32.47,75.56,1.16,43.78,0
2023-05-01,Z16,Este,urbana_premium,72683,94.12,21.41,31.9,75.93,1.11,42.28,0
2023-06-01,Z16,Este,urbana_premium,72683,94.03,23.25,32.98,75.89,1.14,42.06,0
2023-07-01,Z16,Este,urbana_premium,72683,,24.48,32.66,76.66,1.13,43.28,0
2023-08-01,Z16,Este,urbana_premium,72683,93.87,26.06,33.48,77.12,1.29,42.26,0
2023-09-01,Z16,Este,urbana_premium,72683,93.95,27.26,33.04,77.61,1.3,42.0,0
2023-10-01,Z16,Este,urbana_premium,72683,93.73,28.47,33.01,79.1,1.4,41.62,0
2023-11-01,Z16,Este,urbana_premium,72683,94.07,30.35,32.0,78.56,1.45,46.33,0
2023-12-01,Z16,Este,urbana_premium,72683,93.81,32.07,30.94,78.46,1.48,46.02,0
2024-01-01,Z16,Este,urbana_premium,72683,93.78,33.82,31.5,79.78,1.48,48.28,0
2024-02-01,Z16,Este,urbana_premium,72683,93.98,35.38,31.37,79.82,1.31,46.03,0
2024-03-01,Z16,Este,urbana_premium,72683,93.93,36.94,31.75,80.28,1.34,49.61,0
2024-04-01,Z16,Este,urbana_premium,72683,93.91,38.6,31.12,81.94,1.31,46.99,0
2024-05-01,Z16,Este,urbana_premium,72683,93.97,40.5,30.55,82.77,1.27,48.1,0
2024-06-01,Z16,Este,urbana_premium,72683,,41.57,29.78,84.15,1.21,49.87,0
2024-07-01,Z16,Este,urbana_premium,72683,94.13,43.13,29.37,85.14,1.06,51.16,0
2024-08-01,Z16,Este,urbana_premium,72683,94.03,44.33,28.5,86.85,1.02,49.7,0
2024-09-01,Z16,Este,urbana_premium,72683,93.75,46.0,28.85,87.06,1.04,52.55,0
2024-10-01,Z16,Este,urbana_premium,72683,93.91,47.36,28.66,87.42,1.0,51.5,0
2024-11-01,Z16,Este,urbana_premium,72683,93.97,49.2,27.88,88.54,0.88,52.66,0
2024-12-01,Z16,Este,urbana_premium,72683,94.27,51.13,26.94,89.73,0.74,53.05,0
2025-01-01,Z16,Este,urbana_premium,72683,94.37,52.3,26.91,90.22,0.66,56.02,0
2025-02-01,Z16,Este,urbana_premium,72683,94.37,53.81,26.7,91.09,0.53,55.81,0
2025-03-01,Z16,Este,urbana_premium,72683,94.5,55.95,26.46,90.93,0.56,58.26,0
2025-04-01,Z16,Este,urbana_premium,72683,94.48,57.71,26.07,91.86,0.5,54.89,0
2025-05-01,Z16,Este,urbana_premium,72683,94.4,59.28,25.83,91.72,0.55,61.33,0
2025-06-01,Z16,Este,urbana_premium,72683,94.29,60.8,25.51,94.3,0.46,59.26,0
2025-07-01,Z16,Este,urbana_premium,72683,94.06,62.23,25.12,95.7,0.63,60.06,0
2025-08-01,Z16,Este,urbana_premium,72683,93.98,64.44,24.67,95.33,0.48,62.26,0
2025-09-01,Z16,Este,urbana_premium,72683,94.16,66.45,23.94,96.66,0.54,62.44,0
2025-10-01,Z16,Este,urbana_premium,72683,93.81,68.11,24.43,96.52,0.63,60.3,0
2025-11-01,Z16,Este,urbana_premium,72683,93.77,69.28,23.62,97.14,0.76,60.89,0
2025-12-01,Z16,Este,urbana_premium,72683,93.9,70.63,24.08,96.48,0.72,64.05,0
2023-01-01,Z17,Sur,suburbana,56619,90.07,11.59,40.6,52.57,1.85,31.85,0
2023-02-01,Z17,Sur,suburbana,56619,89.82,11.38,41.08,53.45,1.69,29.52,0
2023-03-01,Z17,Sur,suburbana,56619,90.17,11.6,40.58,53.67,1.6,34.47,0
2023-04-01,Z17,Sur,suburbana,56619,90.05,12.44,40.59,55.1,1.68,33.91,0
2023-05-01,Z17,Sur,suburbana,56619,90.16,13.18,40.78,54.86,1.87,31.57,0
01/06/2023,Z17,Sur,suburbana,56619,90.12,13.88,40.96,54.56,1.91,32.84,0
2023-07-01,Z17,Sur,suburbana,56619,89.8,14.7,40.43,53.42,1.93,33.8,0
2023-08-01,Z17,Sur,suburbana,56619,89.95,15.73,,52.98,2.09,32.03,0
2023-09-01,Z17,Sur,suburbana,56619,90.08,16.49,40.04,53.3,2.1,34.18,0
2023-10-01,Z17,Sur,suburbana,56619,89.97,17.26,40.34,53.22,2.11,38.07,0
2023-11-01,Z17,Sur,suburbana,56619,90.22,18.55,40.34,-52.76,1.97,36.75,0
2023-12-01,Z17,Sur,suburbana,56619,,19.45,40.23,53.28,1.88,34.96,0
2024-01-01,Z17,Sur,suburbana,56619,89.85,20.4,39.79,55.03,1.88,35.15,0
2024-02-01,Z17,Sur,suburbana,56619,90.0,21.53,39.6,56.44,1.94,35.86,0
2024-03-01,Z17,Sur,suburbana,56619,90.02,22.51,,57.89,1.95,37.3,0
2024-04-01,Z17,Sur,suburbana,56619,90.06,23.72,39.3,59.3,1.97,37.03,0
2024-05-01,Z17,Sur,suburbana,56619,90.29,24.94,39.28,60.08,1.92,36.81,0
2024-06-01,Z17,Sur,suburbana,56619,90.33,26.75,38.67,60.74,1.81,38.01,0
2024-07-01,Z17,Sur,suburbana,56619,90.51,27.5,38.04,60.26,1.69,36.67,0
01/08/2024,Z17,Sur,suburbana,56619,90.47,29.19,,60.15,1.71,38.77,0
2024-09-01,Z17,Sur,suburbana,56619,90.56,29.97,36.87,61.48,1.69,40.05,0
2024-10-01,Z17,Sur,suburbana,56619,90.3,30.86,35.99,63.12,1.47,40.08,0
2024-11-01,Z17,Sur,suburbana,56619,90.35,31.93,36.08,64.18,1.52,42.63,0
2024-12-01,Z17,Sur,suburbana,56619,90.33,33.17,36.1,64.89,1.35,42.39,0
2025-01-01,Z17,Sur,suburbana,56619,90.33,,35.25,65.27,1.36,42.22,0
2025-02-01,Z17,Sur,suburbana,56619,89.89,35.42,,65.7,1.42,45.17,0
2025-03-01,Z17,Sur,suburbana,56619,89.7,36.29,34.16,68.22,1.32,42.09,0
2025-04-01,Z17,Sur,suburbana,56619,90.07,37.23,,67.69,1.27,40.93,0
2025-05-01,Z17,Sur,suburbana,56619,89.86,38.5,34.22,68.31,1.19,43.45,0
2025-06-01,Z17,Sur,suburbana,56619,89.96,39.76,32.91,68.45,1.22,44.31,0
2025-07-01,Z17,Sur,suburbana,56619,90.04,40.79,33.03,68.85,1.21,46.67,0
2025-08-01,Z17,Sur,suburbana,56619,89.9,41.77,33.35,70.74,1.21,46.73,0
2025-09-01,Z17,Sur,suburbana,56619,90.15,42.78,33.42,70.67,1.23,47.15,0
2025-10-01,Z17,Sur,suburbana,56619,90.15,43.9,33.1,70.15,1.44,45.96,0
2025-11-01,Z17,Sur,suburbana,56619,89.96,45.29,33.56,70.94,1.44,46.11,0
2025-12-01,Z17,Sur,suburbana,56619,89.94,45.92,33.78,71.26,1.6,46.91,0
2023-01-01,Z18,Sur,urbana_premium,56342,92.47,17.76,35.23,76.56,0.74,36.31,0
2023-02-01,Z18,Sur,urbana_premium,56342,92.72,18.31,34.12,76.41,0.72,40.71,0
2023-03-01,Z18,Sur,urbana_premium,56342,92.89,19.57,32.8,75.22,0.84,42.77,0
2023-04-01,Z18,Sur,urbana_premium,56342,93.28,20.68,32.69,74.47,0.88,39.15,0
2023-05-01,Z18,Sur,urbana_premium,56342,93.27,21.89,32.12,75.01,0.87,41.95,0
2023-06-01,Z18,Sur,urbana_premium,56342,93.4,23.46,32.39,76.15,0.91,42.34,0
2023-07-01,Z18,Sur,urbana_premium,56342,93.4,24.6,32.31,75.56,0.92,40.52,0
2023-08-01,Z18,Sur,urbana_premium,56342,93.16,25.73,32.65,74.61,0.93,45.41,0
2023-09-01,Z18,Sur,urbana_premium,56342,93.3,27.33,32.85,-75.78,0.92,43.16,0
2023-10-01,Z18,Sur,urbana_premium,56342,93.22,29.44,31.94,75.48,0.96,42.03,0
2023-11-01,Z18,Sur,urbana_premium,56342,93.7,31.39,31.73,75.26,0.89,45.07,0
2023-12-01,Z18,Sur,urbana_premium,56342,93.73,32.49,31.82,76.61,1.03,45.47,0
2024-01-01,Z18,Sur,urbana_premium,56342,93.61,34.07,31.68,78.17,1.15,44.39,0
2024-02-01,Z18,Sur,urbana_premium,56342,93.47,35.3,30.98,79.44,1.2,48.66,0
2024-03-01,Z18,Sur,urbana??,56342,93.7,36.88,31.37,80.4,1.19,50.06,0
2024-04-01,Z18,Sur,urbana_premium,56342,93.81,38.35,30.58,81.56,1.26,48.55,0
2024-05-01,Z18,Sur,urbana_premium,56342,94.1,39.45,30.23,82.13,1.14,52.97,0
2024-06-01,Z18,Sur,urbana_premium,56342,94.06,41.08,29.86,81.39,1.03,51.43,0
2024-07-01,Z18,Sur,suburbanx,56342,93.93,42.59,30.01,83.72,1.03,49.88,0
2024-08-01,Z18,Sur,urbana_premium,56342,93.91,44.14,28.91,83.9,0.92,49.7,0
2024-09-01,Z18,Sur,urbana_premium,56342,93.65,45.95,28.54,86.41,0.82,52.38,0
2024-10-01,Z18,Sur,urbana_premium,56342,93.81,47.59,28.35,87.8,0.81,52.43,0
2024-11-01,Z18,Sur,urbana_premium,56342,93.81,48.94,27.38,88.03,0.68,54.1,0
2024-12-01,Z18,Sur,urbana_premium,56342,94.08,50.48,27.05,88.18,0.63,53.27,0
2025-01-01,Z18,Sur,urbana_premium,56342,94.16,52.09,27.03,89.14,0.56,53.19,0
2025-02-01,Z18,Sur,urbana_premium,56342,94.16,54.08,26.58,91.92,0.65,55.57,0
2025-03-01,Z18,Sur,urbana_premium,56342,94.05,55.85,,93.29,0.64,57.17,0
2025-04-01,Z18,Sur,urbana_premium,56342,94.16,57.87,25.43,93.48,0.71,59.1,0
2025-05-01,Z18,Sur,urbana_premium,56342,94.06,59.35,25.22,94.13,0.55,55.89,0
2025-06-01,Z18,Sur,urbana_premium,56342,93.88,60.63,24.66,94.93,0.53,58.93,0
2025-07-01,Z18,Sur,urbana_premium,56342,93.7,62.13,24.81,95.58,0.48,59.31,0
2025-08-01,Z18,Sur,urbana_premium,56342,94.18,63.77,24.33,95.54,0.52,59.92,0
2025-09-01,Z18,Sur,urbana_premium,56342,94.12,65.05,23.89,95.61,0.55,59.75,0
2025-10-01,Z18,Sur,urbana_premium,56342,94.05,66.79,24.45,95.74,0.62,60.31,0
2025-11-01,Z18,Sur,urbana_premium,56342,94.14,68.56,24.86,96.48,0.71,61.71,0
2025-12-01,Z18,Sur,urbana_premium,56342,94.14,70.45,24.5,96.02,0.76,63.16,0
2023-01-01,Z19,Este,rural,12655,81.39,3.91,555.1,26.44,2.89,13.94,0
2023-02-01,Z19,Este,rural,12655,81.49,4.02,55.2,28.85,3.01,18.29,0
2023-03-01,Z19,Este,rural,12655,81.58,4.62,55.29,29.03,2.92,17.83,0
2023-04-01,Z19,Este,rural,12655,81.84,5.52,55.46,29.12,2.91,19.88,0
2023-05-01,Z19,Este,rural,12655,81.57,5.92,55.98,30.03,3.0,19.81,0
2023-06-01,Z19,Este,rural,12655,81.73,6.06,56.86,30.04,3.15,15.41,0
2023-07-01,Z19,Este,rural,12655,82.04,6.87,56.69,30.72,3.25,18.71,0
2023-08-01,Z19,Este,rural,12655,82.13,7.08,56.3,31.63,3.36,18.85,0
2023-09-01,Z19,Este,rural,12655,81.96,7.44,56.64,30.7,3.4,20.9,0
2023-10-01,Z19,Este,rural,12655,81.95,8.27,56.4,30.71,3.33,21.64,0
2023-11-01,Z19,Este,rural,12655,81.83,8.87,56.3,30.17,3.3,22.28,0
2023-12-01,Z19,Este,rural,12655,81.92,9.15,56.34,30.59,3.58,20.78,0
2024-01-01,Z19,Este,rural,12655,81.87,10.1,55.34,31.2,3.66,20.62,0
2024-02-01,Z19,Este,rural,12655,81.6,10.52,56.04,32.01,3.49,19.7,0
2024-03-01,Z19,Este,rural,12655,81.62,11.17,56.38,33.27,3.46,19.06,0
2024-04-01,Z19,Este,rural,12655,81.49,11.85,55.3,33.39,3.4,19.61,0
2024-05-01,Z19,Este,rural,12655,81.46,12.35,55.26,34.66,3.37,21.69,0
2024-06-01,Z19,Este,rural,12655,81.49,12.65,54.65,35.29,3.3,18.69,0
2024-07-01,Z19,Este,rural,12655,81.5,13.58,54.36,34.59,3.39,22.11,0
2024-08-01,Z19,Este,rural,12655,81.72,14.22,,34.85,3.41,24.15,0
2024-09-01,Z19,Este,rural,12655,81.95,14.89,53.04,36.76,3.18,23.8,0
2024-10-01,Z19,Este,rural,12655,81.67,14.92,52.97,36.75,2.92,24.0,0
2024-11-01,Z19,Este,rural,12655,82.15,15.94,52.55,37.56,2.93,25.78,0
2024-12-01,Z19,Este,rural,12655,82.04,16.5,52.41,38.72,2.85,24.14,0
2025-01-01,Z19,Este,rural,12655,82.28,17.36,523.0,40.57,2.76,27.46,0
2025-02-01,Z19,Este,rural,12655,82.29,,51.41,40.21,2.75,26.16,0
2025-03-01,Z19,Este,rural,12655,82.56,18.77,51.68,41.45,2.76,24.47,0
2025-04-01,Z19,Este,rural,12655,82.64,19.49,51.7,41.69,2.73,26.17,0
2025-05-01,Z19,Este,rural,12655,82.57,19.89,51.04,40.99,2.64,26.72,0
2025-06-01,Z19,Este,rural,12655,82.39,20.4,51.2,40.84,2.74,25.97,0
2025-07-01,Z19,Este,rural,12655,82.2,20.99,50.27,40.62,2.79,23.87,0
2025-08-01,Z19,Este,rural,12655,82.34,21.84,50.32,41.27,2.84,26.25,0
2025-09-01,Z19,Este,rural,12655,82.39,22.09,50.36,40.87,2.84,28.79,0
2025-10-01,Z19,Este,rural,12655,82.24,22.29,50.17,41.43,2.97,27.62,0
2025-11-01,Z19,Este,rural,12655,82.1,23.11,50.49,41.17,2.86,29.29,0
2025-12-01,Z19,Este,rural,12655,81.61,23.87,50.69,40.9,3.01,25.88,0
2023-01-01,Z20,Oeste,suburbana,46953,89.37,10.22,40.61,54.41,1.25,30.24,0
2023-02-01,Z20,Oeste,suburbana,46953,89.86,10.44,40.29,55.39,1.32,30.95,0
2023-03-01,Z20,Oeste,suburbana,46953,89.9,10.97,40.43,56.8,1.47,28.58,0
2023-04-01,Z20,Oeste,suburbana,46953,,11.67,40.49,56.4,1.57,32.35,0
2023-05-01,Z20,Oeste,suburbana,46953,90.1,12.36,40.12,58.21,1.6,33.1,0
2023-06-01,Z20,Oeste,suburbana,46953,89.8,13.33,39.9,56.9,1.77,33.63,0
2023-07-01,Z20,Oeste,suburbana,46953,89.96,13.89,41.01,55.47,1.94,34.56,0
2023-08-01,Z20,Oeste,suburbana,46953,,14.83,41.02,55.07,1.95,33.06,0
2023-09-01,Z20,Oeste,suburbana,46953,89.69,16.29,40.91,54.88,1.92,34.17,0
2023-10-01,Z20,Oeste,suburbana,46953,89.62,16.83,41.01,55.62,1.93,32.09,0
2023-11-01,Z20,Oeste,suburbana,46953,89.75,17.73,40.39,55.34,2.01,33.74,0
2023-12-01,Z20,Oeste,suburbana,46953,89.74,19.51,40.5,56.13,1.97,34.1,0
2024-01-01,Z20,Oeste,suburbana,46953,89.43,20.85,40.53,56.5,1.96,36.33,0
2024-02-01,Z20,Oeste,suburbana,46953,89.32,21.74,39.74,58.44,2.01,32.37,0
2024-03-01,Z20,Oeste,suburbana,46953,89.25,22.81,39.36,57.73,2.11,36.44,0
2024-04-01,Z20,Oeste,suburbana,46953,89.56,23.75,39.5,58.2,1.99,37.56,0
2024-05-01,Z20,Oeste,suburbana,46953,89.4,25.29,39.22,60.05,1.84,35.88,0
2024-06-01,Z20,Oeste,suburbana,46953,89.37,26.37,38.82,60.33,1.71,35.82,0
2024-07-01,Z20,Oeste,suburbana,46953,89.55,27.29,38.06,62.32,1.67,40.36,0
2024-08-01,Z20,Oeste,suburbana,46953,89.59,28.43,37.66,61.57,1.74,38.67,0
2024-09-01,Z20,Oeste,suburbana,46953,89.85,29.32,37.18,61.96,1.75,39.98,0
2024-10-01,Z20,Oeste,suburbanx,46953,89.96,30.78,37.3,63.73,1.54,39.27,0
2024-11-01,Z20,Oeste,suburbana,46953,89.79,31.98,36.81,63.62,1.46,38.42,0
2024-12-01,Z20,Oeste,suburbana,46953,89.84,32.58,36.51,65.11,1.56,42.32,0
2025-01-01,Z20,Oeste,suburbana,46953,89.81,33.92,35.33,65.37,1.49,38.43,0
2025-02-01,Z20,Oeste,suburbana,46953,89.86,34.75,35.09,65.67,1.44,42.1,0
2025-03-01,Z20,Oeste,suburbana,46953,90.16,35.91,34.45,66.68,1.27,43.54,0
2025-04-01,Z20,Oeste,suburbana,46953,90.22,37.64,34.02,67.52,1.21,44.06,0
2025-05-01,Z20,Oeste,suburbana,46953,90.22,38.57,34.45,67.97,1.28,44.87,0
2025-06-01,Z20,Oeste,suburbana,46953,90.15,,,68.23,1.29,43.15,0
2025-07-01,Z20,Oeste,suburbana,46953,90.43,40.76,34.56,69.47,1.3,44.39,0
2025-08-01,Z20,Oeste,suburbana,46953,90.44,41.86,34.44,69.97,1.33,45.96,0
2025-09-01,Z20,Oeste,suburbana,46953,90.32,42.7,35.04,69.59,1.36,45.25,0
01/10/2025,Z20,Oeste,suburbana,46953,90.54,43.57,34.41,69.39,1.4,44.22,0
2025-11-01,Z20,Oeste,suburbana,46953,90.29,44.2,34.46,69.6,1.31,47.95,0
2025-12-01,Z20,Oeste,suburbana,46953,89.97,45.68,34.13,71.3,1.43,45.2,0
2023-01-01,Z21,Centro,rural,19103,81.22,4.45,55.06,32.25,3.26,17.88,0
2023-02-01,Z21,Centro,rural,19103,81.14,4.24,55.27,31.99,3.21,19.7,0
2023-03-01,Z21,Centro,rural,19103,81.19,4.47,55.43,31.31,3.29,19.54,0
2023-04-01,Z21,Centro,rural,19103,81.48,5.3,54.85,31.28,3.29,17.43,0
01/05/2023,Z21,Centro,rural,19103,81.69,5.36,55.5,32.01,3.3,16.23,0
2023-06-01,Z21,Centro,suburbanx,19103,81.61,5.99,55.7,29.67,3.4,19.15,0
2023-07-01,Z21,Centro,rural,19103,81.58,6.71,55.56,29.53,3.41,21.85,0
2023-08-01,Z21,Centro,rural,19103,82.0,,56.0,30.54,3.3,20.78,0
2023-09-01,Z21,Centro,rural,19103,81.87,7.79,559.9,31.07,3.34,15.32,0
2023-10-01,Z21,Centro,rural,19103,81.94,8.43,56.28,31.05,3.48,20.64,0
2023-11-01,Z21,Centro,rural,19103,82.04,9.15,56.41,30.52,3.27,19.8,0
2023-12-01,Z21,Centro,rural,19103,82.16,9.5,56.65,31.06,3.4,20.3,0
2024-01-01,Z21,Centro,rural,19103,82.2,10.13,57.06,30.18,3.35,22.19,0
2024-02-01,Z21,Centro,rural,19103,82.42,10.69,56.46,31.58,3.4,20.93,0
2024-03-01,Z21,Centro,rural,19103,82.35,11.49,56.92,32.73,3.36,21.68,0
2024-04-01,Z21,Centro,rural,19103,82.35,11.91,56.37,32.4,3.41,20.22,0
2024-05-01,Z21,Centro,rural,19103,,12.44,56.68,32.85,3.28,21.17,0
2024-06-01,Z21,Centro,rural,19103,82.41,12.29,55.42,35.76,3.26,20.85,0
2024-07-01,Z21,Centro,rural,19103,82.28,13.06,55.24,37.36,3.21,22.01,0
2024-08-01,Z21,Centro,rural,19103,82.34,13.6,54.14,36.02,3.01,21.77,0
2024-09-01,Z21,Centro,rural,19103,82.03,14.39,53.18,34.26,2.89,22.4,0
2024-10-01,Z21,Centro,rural,19103,81.91,15.42,52.64,36.27,2.86,23.53,0
2024-11-01,Z21,Centro,rural,19103,81.79,15.94,52.09,37.34,2.81,22.4,0
2024-12-01,Z21,Centro,rural,19103,82.03,16.6,51.75,38.26,2.77,23.09,0
2025-01-01,Z21,Centro,rural,19103,82.03,17.59,50.21,39.55,2.56,25.9,0
2025-02-01,Z21,Centro,rural,19103,81.9,19.22,49.88,42.78,2.49,28.6,0
2025-03-01,Z21,Centro,rural,19103,81.79,19.32,49.0,44.6,2.38,26.41,0
2025-04-01,Z21,Centro,rural,19103,82.09,20.27,48.91,44.84,2.22,29.11,0
2025-05-01,Z21,Centro,rural,19103,82.08,20.88,48.2,45.29,2.13,25.1,0
2025-06-01,Z21,Centro,rural,19103,81.79,,47.71,46.95,2.15,27.59,0
2025-07-01,Z21,Centro,rural,19103,81.72,22.28,47.82,47.83,2.14,29.06,0
2025-08-01,Z21,Centro,rural,19103,81.8,23.17,47.55,-46.54,2.18,28.85,0
2025-09-01,Z21,Centro,rural,19103,81.97,23.88,47.47,46.35,2.24,28.79,0
2025-10-01,Z21,Centro,rural,19103,81.87,24.72,47.24,46.33,2.38,29.68,0
2025-11-01,Z21,Centro,rural,19103,81.85,25.29,476.2,44.63,2.31,28.33,0
2025-12-01,Z21,Centro,rural,19103,81.83,25.87,48.4,45.18,2.26,29.06,0
2023-01-01,Z22,Este,suburbana,53534,89.7,9.89,39.24,60.38,1.19,31.94,0
2023-02-01,Z22,Este,suburbana,53534,89.74,10.23,39.48,58.69,1.32,32.37,0
2023-03-01,Z22,Este,suburbana,53534,89.96,10.52,39.28,56.23,1.51,32.46,0
2023-04-01,Z22,Este,suburbana,53534,90.06,11.01,40.46,55.36,1.61,33.44,0
2023-05-01,Z22,Este,suburbana,53534,89.86,11.9,40.61,57.36,1.71,34.84,0
2023-06-01,Z22,Este,suburbana,53534,90.12,13.07,40.22,57.43,1.65,35.55,0
2023-07-01,Z22,Este,suburbana,53534,,13.49,40.25,57.22,1.72,34.34,0
2023-08-01,Z22,Este,suburbana,53534,89.93,14.44,40.39,56.68,1.77,35.23,0
2023-09-01,Z22,Este,suburbana,53534,89.8,15.82,40.53,55.2,1.74,33.67,0
2023-10-01,Z22,Este,suburbana,53534,90.22,17.19,39.79,53.12,1.87,34.27,0
2023-11-01,Z22,Este,suburbana,53534,90.36,18.12,40.15,54.78,1.88,34.34,0
2023-12-01,Z22,Este,suburbana,53534,90.25,19.44,40.17,56.22,1.87,33.49,0
2024-01-01,Z22,Este,suburbana,53534,90.53,20.43,39.84,56.64,1.9,35.57,0
2024-02-01,Z22,Este,suburbana,53534,90.37,21.58,39.84,55.45,2.04,36.09,0
2024-03-01,Z22,Este,suburbana,53534,90.36,22.39,39.43,56.12,2.1,35.81,0
2024-04-01,Z22,Este,suburbana,53534,90.39,23.47,39.03,-57.18,2.1,34.39,0
2024-05-01,Z22,Este,suburbana,53534,90.04,24.24,38.31,57.77,1.87,36.25,0
2024-06-01,Z22,Este,suburbana,53534,89.66,25.33,38.7,59.38,1.83,36.01,0
2024-07-01,Z22,Este,suburbana,53534,89.49,26.4,38.26,61.15,1.83,38.87,0
2024-08-01,Z22,Este,suburbana,53534,89.51,27.76,37.68,61.87,1.89,35.9,0
2024-09-01,Z22,Este,suburbana,53534,89.61,29.32,36.61,62.34,1.72,39.05,0
2024-10-01,Z22,Este,suburbana,53534,89.44,30.6,36.68,-63.8,1.56,39.97,0
2024-11-01,Z22,Este,suburbana,53534,89.45,31.6,37.27,64.78,1.41,40.54,0
2024-12-01,Z22,Este,suburbana,53534,89.37,32.42,36.13,65.31,1.44,41.51,0
2025-01-01,Z22,Este,suburbana,53534,,33.35,35.45,66.44,1.34,40.99,0
2025-02-01,Z22,Este,suburbana,53534,89.84,34.51,35.22,68.42,1.29,43.95,0
2025-03-01,Z22,Este,suburbana,53534,89.99,35.39,34.4,68.17,1.2,42.58,0
2025-04-01,Z22,Este,suburbana,53534,90.1,36.98,34.4,68.43,1.05,43.57,0
2025-05-01,Z22,Este,suburbana,53534,90.08,38.17,35.18,70.0,1.15,42.46,0
2025-06-01,Z22,Este,suburbana,53534,89.96,39.27,34.41,70.63,1.2,42.68,0
2025-07-01,Z22,Este,suburbana,53534,90.19,40.41,33.44,70.73,1.24,46.49,0
2025-08-01,Z22,Este,suburbana,53534,90.07,41.72,33.64,69.9,1.15,47.03,0
2025-09-01,Z22,Este,suburbana,53534,90.26,42.84,34.39,71.12,1.26,44.56,0
2025-10-01,Z22,Este,suburbana,53534,90.5,44.01,34.12,70.69,1.32,44.04,0
2025-11-01,Z22,Este,suburbana,53534,90.47,44.8,34.31,70.49,1.34,45.65,0
2025-12-01,Z22,Este,suburbana,53534,90.3,46.36,34.96,70.99,1.4,48.44,0
2023-01-01,Z23,Norte,rural,20553,83.16,3.44,53.94,28.63,3.17,18.53,0
2023-02-01,Z23,Norte,rural,20553,82.93,3.85,54.12,29.07,3.15,18.88,0
2023-03-01,Z23,Norte,rural,20553,82.45,4.17,54.69,29.66,3.04,20.68,0
2023-04-01,Z23,Norte,rural,20553,81.82,4.55,54.73,30.25,3.13,20.48,0
2023-05-01,Z23,Norte,rural,20553,81.75,5.25,55.19,29.21,3.31,16.66,0
2023-06-01,Z23,Norte,rural,20553,81.9,5.87,55.6,29.36,3.37,16.81,0
2023-07-01,Z23,Norte,rural,20553,81.92,6.25,55.49,30.15,3.44,18.85,0
2023-08-01,Z23,Norte,rural,20553,82.08,6.85,55.34,30.19,3.4,18.71,0
2023-09-01,Z23,Norte,rural,20553,82.13,7.49,54.92,29.21,3.43,18.78,0
2023-10-01,Z23,Norte,rural,20553,82.15,8.25,54.75,28.76,3.55,20.78,0
2023-11-01,Z23,Norte,rural,20553,82.03,8.55,54.95,28.7,3.57,19.06,0
2023-12-01,Z23,Norte,rural,20553,82.22,9.07,,29.35,3.31,20.52,0
2024-01-01,Z23,Norte,rural,20553,82.12,9.91,54.24,31.14,3.38,22.98,0
2024-02-01,Z23,Norte,rural,20553,82.08,10.72,53.95,32.22,3.3,19.01,0
2024-03-01,Z23,Norte,rural,20553,81.85,11.22,53.95,32.91,3.15,18.36,0
2024-04-01,Z23,Norte,rural,20553,82.14,11.97,53.73,33.31,3.24,22.75,0
2024-05-01,Z23,Norte,rural,20553,,12.72,53.6,33.83,3.21,22.03,0
2024-06-01,Z23,Norte,rural,20553,79.27,12.74,69.83,16.49,7.49,17.49,1
2024-07-01,Z23,Norte,rural,20553,79.97,13.65,64.73,22.45,6.29,17.88,0
2024-08-01,Z23,Norte,rural,20553,80.8,14.19,61.44,26.95,5.34,19.06,0
2024-09-01,Z23,Norte,rural,20553,,14.58,58.87,30.11,4.65,22.98,0
2024-10-01,Z23,Norte,rural,20553,81.11,15.01,56.26,34.22,4.12,22.69,0
2024-11-01,Z23,Norte,rural,20553,81.14,15.67,55.2,35.6,3.79,25.98,0
2024-12-01,Z23,Norte,rural,20553,81.23,16.06,53.73,38.14,3.54,22.92,0
2025-01-01,Z23,Norte,rural,20553,81.46,16.57,53.42,38.59,3.25,24.55,0
2025-02-01,Z23,Norte,rural,20553,81.59,17.24,52.73,-39.93,3.19,25.06,0
2025-03-01,Z23,Norte,rural,20553,81.86,17.9,51.88,40.88,3.03,22.72,0
2025-04-01,Z23,Norte,rural,20553,81.84,18.57,51.34,42.25,2.93,27.32,0
2025-05-01,Z23,Norte,rural,20553,81.94,19.26,50.75,42.17,2.84,23.62,0
2025-06-01,Z23,Norte,rural,20553,81.86,19.82,50.95,42.49,2.73,26.54,0
2025-07-01,Z23,Norte,rural,20553,81.87,19.79,50.71,43.18,2.58,26.1,0
2025-08-01,Z23,Norte,rural,20553,82.19,20.45,50.79,41.86,2.74,26.2,0
2025-09-01,Z23,Norte,rural,20553,82.14,,51.2,41.23,2.69,27.37,0
2025-10-01,Z23,Norte,rural,20553,81.99,21.75,51.22,40.27,2.84,26.71,0
2025-11-01,Z23,Norte,rural,20553,81.83,22.38,50.49,39.82,2.93,29.9,0
2025-12-01,Z23,Norte,rural,20553,82.01,23.14,50.7,39.54,3.08,26.64,0
2023-01-01,Z24,Centro,rural,12558,83.47,4.96,53.91,29.79,2.88,21.44,0
2023-02-01,Z24,Centro,rural,12558,83.03,4.88,53.85,30.45,2.97,20.62,0
2023-03-01,Z24,Centro,rural,12558,82.82,5.31,54.77,30.81,2.93,19.15,0
2023-04-01,Z24,Centro,rural,12558,82.54,5.52,54.85,30.24,2.92,17.34,0
2023-05-01,Z24,Centro,rural,12558,82.33,5.43,54.74,30.2,2.92,20.18,0
2023-06-01,Z24,Centro,rural,12558,82.37,5.77,54.96,30.83,2.99,18.61,0
2023-07-01,Z24,Centro,rural,12558,82.47,6.53,55.62,31.54,2.95,22.19,0
2023-08-01,Z24,Centro,rural,12558,82.4,7.27,56.0,31.4,3.05,20.85,0
2023-09-01,Z24,Centro,rural,12558,,7.94,55.39,30.88,3.31,19.41,0
2023-10-01,Z24,Centro,rural,12558,82.11,8.17,55.81,30.44,3.32,21.53,0
2023-11-01,Z24,Centro,rural,12558,,8.91,56.28,31.56,3.35,25.29,0
2023-12-01,Z24,Centro,rural,12558,82.16,9.49,55.81,31.6,3.47,23.41,0
2024-01-01,Z24,Centro,rural,12558,82.38,,,32.21,3.34,19.2,0
2024-02-01,Z24,Centro,rural,12558,82.31,10.8,55.72,32.8,3.37,20.11,0
2024-03-01,Z24,Centro,rural,12558,82.2,10.92,54.65,33.59,3.28,23.02,0
2024-04-01,Z24,Centro,rural,12558,82.34,11.39,54.96,33.29,3.12,22.18,0
2024-05-01,Z24,Centro,rural,12558,82.15,11.95,55.68,32.65,3.15,20.41,0
2024-06-01,Z24,Centro,rural,12558,82.27,12.7,55.34,32.87,3.07,23.74,0
2024-07-01,Z24,Centro,rural,12558,82.51,13.44,54.41,34.21,3.23,23.15,0
2024-08-01,Z24,Centro,rural,12558,82.62,13.85,54.0,35.59,3.17,22.26,0
2024-09-01,Z24,Centro,rural,12558,82.29,14.73,54.15,37.46,3.21,23.76,0
2024-10-01,Z24,Centro,rural,12558,82.14,15.62,53.92,37.11,3.01,24.53,0
2024-11-01,Z24,Centro,rural,12558,82.07,16.09,53.82,38.37,3.03,21.1,0
2024-12-01,Z24,Centro,rural,12558,82.09,16.77,52.47,38.38,2.87,24.46,0
2025-01-01,Z24,Centro,rural-1,12558,82.36,18.34,50.77,41.24,2.69,26.25,0
2025-02-01,Z24,Centro,rural,12558,82.32,19.21,50.63,43.82,2.44,27.41,0
2025-03-01,Z24,Centro,rural,12558,82.39,20.0,50.24,45.05,2.36,26.9,0
2025-04-01,Z24,Centro,rural,12558,81.91,20.64,49.12,44.97,2.39,27.37,0
2025-05-01,Z24,Centro,rural,12558,81.93,21.16,48.75,46.61,2.24,27.01,0
2025-06-01,Z24,Centro,rural,12558,82.11,21.36,48.34,46.73,2.2,26.55,0
2025-07-01,Z24,Centro,rural,12558,82.1,22.62,47.95,47.36,2.33,26.99,0
2025-08-01,Z24,Centro,rural,12558,82.4,23.21,48.67,48.13,2.31,28.2,0
2025-09-01,Z24,Centro,rural,12558,82.17,23.83,48.82,48.06,2.27,27.93,0
2025-10-01,Z24,Centro,rural,12558,82.29,24.71,48.28,47.46,2.31,31.04,0
2025-11-01,Z24,Centro,rural,12558,82.41,24.92,48.16,46.78,2.3,31.3,0
2025-12-01,Z24,Centro,rural,12558,82.03,25.15,47.89,47.15,2.39,29.33,0
2023-01-01,Z25,Oeste,rural,11763,82.58,2.77,56.77,32.21,3.03,18.84,0
2023-02-01,Z25,Oeste,rural,11763,82.21,3.44,56.67,33.03,3.01,20.18,0
2023-03-01,Z25,Oeste,rural,11763,82.39,,56.6,-33.28,3.03,17.21,0
2023-04-01,Z25,Oeste,rural,11763,82.45,3.95,56.27,32.64,3.13,18.23,0
2023-05-01,Z25,Oeste,rural,11763,82.19,4.71,56.63,33.89,3.06,19.77,0
2023-06-01,Z25,Oeste,rural,11763,81.94,5.64,56.06,32.5,3.09,19.24,0
2023-07-01,Z25,Oeste,rural,11763,82.01,6.35,56.11,31.02,3.22,19.46,0
2023-08-01,Z25,Oeste,rural,11763,82.22,6.73,55.45,30.97,3.36,20.13,0
2023-09-01,Z25,Oeste,rural,11763,82.12,7.14,56.51,30.22,3.32,20.66,0
2023-10-01,Z25,Oeste,rural,11763,81.75,8.13,56.72,31.2,3.38,19.64,0
2023-11-01,Z25,Oeste,rural,11763,81.63,8.65,56.12,31.67,3.45,22.26,0
2023-12-01,Z25,Oeste,rural,11763,81.81,9.46,55.95,31.39,3.46,19.92,0
2024-01-01,Z25,Oeste,rural,11763,81.92,9.73,55.5,32.17,3.49,19.31,0
2024-02-01,Z25,Oeste,rural,11763,82.06,10.22,55.5,33.47,3.5,22.39,0
2024-03-01,Z25,Oeste,rural,11763,82.39,10.71,54.96,32.96,3.41,18.17,0
2024-04-01,Z25,Oeste,rural,11763,82.23,11.26,55.26,33.61,3.3,22.69,0
2024-05-01,Z25,Oeste,rural,11763,82.29,11.78,,32.35,3.17,20.91,0
2024-06-01,Z25,Oeste,rural,11763,82.22,12.28,54.31,32.44,3.15,22.84,0
01/07/2024,Z25,Oeste,rural,11763,82.23,13.04,53.39,33.2,3.08,22.04,0
2024-08-01,Z25,Oeste,rural,11763,82.17,14.09,53.68,33.68,3.08,23.95,0
2024-09-01,Z25,Oeste,rural,11763,81.97,14.87,53.32,33.92,3.05,23.49,0
2024-10-01,Z25,Oeste,rural,11763,,15.38,52.7,35.83,2.97,23.79,0
2024-11-01,Z25,Oeste,rural,11763,82.02,15.65,52.07,35.25,2.95,21.92,0
2024-12-01,Z25,Oeste,rural,11763,82.04,16.38,52.21,35.79,2.87,26.57,0
2025-01-01,Z25,Oeste,rural,11763,82.34,17.22,52.1,36.48,2.86,24.47,0
2025-02-01,Z25,Oeste,rural,11763,82.34,17.61,51.73,37.98,2.8,25.75,0
2025-03-01,Z25,Oeste,rural,11763,82.13,,52.23,40.89,2.78,23.12,0
2025-04-01,Z25,Oeste,rural,11763,81.95,18.7,52.41,40.24,2.72,25.49,0
2025-05-01,Z25,Oeste,rural,11763,82.12,19.25,51.22,41.22,2.77,25.6,0
2025-06-01,Z25,Oeste,rural,11763,82.16,19.78,50.72,42.24,2.75,26.82,0
2025-07-01,Z25,Oeste,rural,11763,82.38,,50.51,42.32,2.68,27.65,0
2025-08-01,Z25,Oeste,rural,11763,82.23,20.68,50.69,42.36,2.75,27.08,0
2025-09-01,Z25,Oeste,rural,11763,,21.51,50.74,41.7,2.77,26.25,0
2025-10-01,Z25,Oeste,rural,11763,82.48,22.52,51.21,42.0,2.77,25.42,0
2025-11-01,Z25,Oeste,rural,11763,82.29,23.11,51.43,42.21,2.87,26.3,0
2025-12-01,Z25,Oeste,rural,11763,82.08,24.02,51.9,41.63,2.88,27.24,0
2023-01-01,Z26,Oeste,urbana_premium,107159,93.72,18.21,36.1,75.7,0.71,41.27,0
2023-02-01,Z26,Oeste,urbana_premium,107159,94.15,18.15,35.6,73.43,0.86,40.45,0
2023-03-01,Z26,Oeste,urbana_premium,107159,93.68,19.17,35.12,74.23,0.96,39.89,0
2023-04-01,Z26,Oeste,urbana_premium,107159,93.44,20.43,35.09,75.4,0.85,38.6,0
2023-05-01,Z26,Oeste,urbana_premium,107159,,21.24,34.33,75.72,0.83,42.45,0
2023-06-01,Z26,Oeste,urbana_premium,107159,93.73,22.53,33.71,74.25,0.92,41.94,0
2023-07-01,Z26,Oeste,urbana_premium,107159,93.84,24.14,33.47,74.58,1.04,44.15,0
2023-08-01,Z26,Oeste,urbana_premium,107159,93.87,,33.09,74.63,1.15,42.45,0
2023-09-01,Z26,Oeste,urbana_premium,107159,93.98,27.26,32.74,75.05,1.16,41.54,0
2023-10-01,Z26,Oeste,urbana_premium,107159,94.05,28.86,32.96,75.36,1.34,44.06,0
2023-11-01,Z26,Oeste,urbana_premium,107159,93.88,30.16,31.88,77.31,1.43,46.09,0
2023-12-01,Z26,Oeste,urbana_premium,107159,93.76,32.23,,77.55,1.49,46.85,0
2024-01-01,Z26,Oeste,urbana_premium,107159,94.22,33.78,31.38,77.71,1.28,46.52,0
2024-02-01,Z26,Oeste,urbana_premium,107159,94.36,35.43,31.26,77.8,1.27,49.21,0
2024-03-01,Z26,Oeste,urbana_premium,107159,94.33,36.96,30.67,79.55,1.0,49.04,0
2024-04-01,Z26,Oeste,urbana_premium,107159,94.69,38.11,30.36,80.43,1.0,50.87,0
2024-05-01,Z26,Oeste,urbana_premium,107159,94.57,39.79,30.46,81.39,1.25,50.07,0
2024-06-01,Z26,Oeste,urbana_premium,107159,94.44,41.01,29.76,83.23,1.06,47.17,0
2024-07-01,Z26,Oeste,urbana_premium,107159,94.31,43.07,,83.75,0.88,51.85,0
2024-08-01,Z26,Oeste,urbana_premium,107159,94.34,44.24,29.43,85.28,0.95,52.6,0
2024-09-01,Z26,Oeste,urbana_premium,107159,94.35,46.1,29.18,84.74,0.78,51.34,0
2024-10-01,Z26,Oeste,urbana_premium,107159,94.22,47.84,28.61,-86.88,0.84,51.86,0
2024-11-01,Z26,Oeste,urbana_premium,107159,94.2,49.24,27.84,88.1,0.53,57.52,0
2024-12-01,Z26,Oeste,urbana_premium,107159,94.24,50.77,28.12,88.74,0.56,53.78,0
2025-01-01,Z26,Oeste,urbana_premium,107159,94.47,52.43,27.39,90.62,0.6,55.45,0
2025-02-01,Z26,Oeste,urbana_premium,107159,94.53,54.71,26.85,91.37,0.59,58.5,0
2025-03-01,Z26,Oeste,urbana_premium,107159,94.26,56.11,25.55,91.13,0.53,56.85,0
2025-04-01,Z26,Oeste,urbana_premium,107159,94.5,57.77,24.86,91.51,0.62,59.53,0
2025-05-01,Z26,Oeste,urbana_premium,107159,94.36,59.17,25.23,91.74,0.62,61.61,0
2025-06-01,Z26,Oeste,urbana_premium,107159,94.29,60.55,25.15,92.43,0.48,59.79,0
2025-07-01,Z26,Oeste,urbana_premium,107159,94.4,62.11,24.71,92.66,0.49,58.63,0
2025-08-01,Z26,Oeste,urbana_premium,107159,94.1,64.21,24.79,94.06,0.59,61.22,0
2025-09-01,Z26,Oeste,urbana_premium,107159,93.99,65.77,24.53,95.01,0.63,60.06,0
2025-10-01,Z26,Oeste,urbana_premium,107159,93.76,67.32,24.4,93.98,0.69,62.36,0
2025-11-01,Z26,Oeste,urbana_premium,107159,94.29,68.75,24.19,93.88,0.73,62.22,0
2025-12-01,Z26,Oeste,urbana_premium,107159,94.05,70.28,23.44,95.37,0.7,62.41,0
2023-01-01,Z27,Norte,suburbana,42704,89.26,9.77,40.04,56.06,1.74,31.0,0
2023-02-01,Z27,Norte,suburbana,42704,89.66,10.43,40.38,54.63,1.66,31.12,0
2023-03-01,Z27,Norte,suburbana,42704,89.91,10.95,40.89,55.69,1.77,33.76,0
2023-04-01,Z27,Norte,suburbana,42704,89.75,11.77,40.52,54.2,1.76,34.02,0
2023-05-01,Z27,Norte,suburbana,42704,89.91,13.05,40.65,56.24,1.8,32.82,0
2023-06-01,Z27,Norte,suburbana,42704,89.7,14.05,40.46,55.37,1.93,34.63,0
2023-07-01,Z27,Norte,suburbana,42704,90.0,14.73,40.55,55.24,1.99,35.71,0
2023-08-01,Z27,Norte,suburbana,42704,90.06,16.09,41.04,55.09,2.05,36.43,0
2023-09-01,Z27,Norte,suburbana,42704,90.4,17.19,40.97,55.1,2.08,37.1,0
2023-10-01,Z27,Norte,suburbana,42704,90.36,18.11,40.9,55.14,2.04,35.11,0
2023-11-01,Z27,Norte,suburbana,42704,90.56,18.92,40.79,54.91,2.08,37.42,0
2023-12-01,Z27,Norte,suburbana,42704,90.69,19.92,40.88,55.46,2.09,36.35,0
2024-01-01,Z27,Norte,suburbana,42704,90.49,20.94,40.8,55.94,2.03,38.69,0
2024-02-01,Z27,Norte,suburbana,42704,90.83,21.66,39.87,56.01,1.98,38.15,0
2024-03-01,Z27,Norte,suburbana,42704,90.69,22.82,39.9,56.5,1.93,37.12,0
2024-04-01,Z27,Norte,suburbana,42704,90.2,23.65,39.05,58.2,1.91,38.15,0
2024-05-01,Z27,Norte,suburbana,42704,89.81,,39.12,57.01,1.95,34.35,0
2024-06-01,Z27,Norte,suburbana,42704,87.66,23.97,61.98,50.18,6.54,29.98,1
2024-07-01,Z27,Norte,suburbana,42704,88.5,25.37,55.13,53.75,4.95,36.26,0
2024-08-01,Z27,Norte,suburbana,42704,88.94,27.49,50.18,56.25,3.92,36.09,0
2024-09-01,Z27,Norte,suburbana,42704,89.53,28.94,46.1,58.73,3.18,39.66,0
2024-10-01,Z27,Norte,suburbana,42704,89.67,30.1,42.77,60.48,2.54,37.71,0
01/11/2024,Z27,Norte,suburbana,42704,90.04,31.28,40.88,60.53,2.22,39.6,0
2024-12-01,Z27,Norte,suburbana,42704,89.94,32.53,38.9,61.07,2.01,40.85,0
2025-01-01,Z27,Norte,suburbana,42704,89.9,33.46,36.97,63.44,1.91,41.49,0
2025-02-01,Z27,Norte,suburbana,42704,89.68,34.72,36.17,65.77,1.75,37.26,0
2025-03-01,Z27,Norte,suburbana,42704,89.88,35.65,34.92,66.8,1.62,40.02,0
2025-04-01,Z27,Norte,suburbana,42704,90.04,37.05,34.65,67.15,1.42,44.77,0
2025-05-01,Z27,Norte,suburbana,42704,89.76,38.43,34.33,68.1,1.23,43.41,0
2025-06-01,Z27,Norte,suburbana,42704,89.94,39.15,34.38,69.0,1.18,45.42,0
2025-07-01,Z27,Norte,suburbana,42704,89.56,40.39,34.93,70.71,1.23,43.87,0
2025-08-01,Z27,Norte,suburbana,42704,89.58,41.43,34.84,70.26,1.31,47.88,0
2025-09-01,Z27,Norte,suburbana,42704,89.69,42.24,33.96,71.17,1.31,46.55,0
2025-10-01,Z27,Norte,suburbana,42704,89.69,,33.91,70.67,1.31,43.92,0
2025-11-01,Z27,Norte,suburbana,42704,90.14,44.76,34.29,70.47,1.28,46.13,0
2025-12-01,Z27,Norte,suburbana,42704,90.3,45.75,33.94,70.82,1.39,49.49,0
2023-01-01,Z28,Sur,urbana_premium,64486,94.05,18.13,33.36,72.8,0.7,36.68,0
2023-02-01,Z28,Sur,urbana_premium,64486,94.41,18.36,33.92,72.39,0.72,37.57,0
2023-03-01,Z28,Sur,urbana_premium,64486,94.35,18.95,32.95,72.2,0.88,42.16,0
2023-04-01,Z28,Sur,urbana_premium,64486,94.57,19.94,32.88,72.16,0.92,40.87,0
2023-05-01,Z28,Sur,urbana_premium,64486,94.48,21.52,33.21,72.52,1.06,42.06,0
2023-06-01,Z28,Sur,urbana_premium,64486,94.28,22.69,32.75,74.78,1.13,42.84,0
2023-07-01,Z28,Sur,urbana_premium,64486,94.15,24.75,332.70000000000005,74.61,1.14,42.83,0
2023-08-01,Z28,Sur,urbana_premium,64486,94.13,25.92,33.23,76.23,1.09,42.01,0
2023-09-01,Z28,Sur,urbana_premium,64486,94.0,27.28,33.87,77.17,1.22,43.68,0
2023-10-01,Z28,Sur,urbana_premium,64486,93.95,28.47,33.72,77.6,1.34,44.17,0
2023-11-01,Z28,Sur,urbana_premium,64486,93.94,30.17,33.6,76.63,1.38,45.01,0
2023-12-01,Z28,Sur,urbana_premium,64486,93.77,31.3,32.96,78.36,1.48,46.01,0
2024-01-01,Z28,Sur,urbana_premium,64486,94.19,33.06,32.9,78.4,1.37,45.51,0
2024-02-01,Z28,Sur,urbana_premium,64486,93.76,35.09,32.02,78.43,1.23,46.7,0
2024-03-01,Z28,Sur,urbana_premium,64486,94.15,37.18,,79.07,1.13,49.8,0
2024-04-01,Z28,Sur,urbana_premium,64486,94.16,38.48,30.6,79.74,1.24,49.67,0
2024-05-01,Z28,Sur,urbana_premium,64486,94.23,39.37,30.24,82.46,1.28,46.71,0
2024-06-01,Z28,Sur,urbana_premium,64486,94.11,40.83,30.62,83.31,1.13,50.01,0
2024-07-01,Z28,Sur,urbana_premium,64486,93.6,42.36,29.97,84.69,0.92,49.71,0
2024-08-01,Z28,Sur,urbana_premium,64486,93.9,43.83,29.44,85.41,1.02,50.83,0
2024-09-01,Z28,Sur,urbana_premium,64486,93.9,45.88,28.2,86.03,0.91,51.91,0
2024-10-01,Z28,Sur,urbana_premium,64486,,47.73,27.45,87.05,0.96,51.86,0
2024-11-01,Z28,Sur,urbana_premium,64486,94.09,49.33,27.08,86.75,0.97,52.54,0
2024-12-01,Z28,Sur,urbana_premium,64486,94.24,50.82,26.43,88.97,0.93,54.95,0
2025-01-01,Z28,Sur,rural-1,64486,94.31,52.42,26.14,89.38,0.89,54.32,0
2025-02-01,Z28,Sur,urbana_premium,64486,94.48,54.02,25.84,90.98,0.78,55.83,0
2025-03-01,Z28,Sur,urbana_premium,64486,94.33,55.91,25.24,91.66,0.7,58.26,0
2025-04-01,Z28,Sur,urbana_premium,64486,94.21,57.93,24.98,92.24,0.63,55.71,0
2025-05-01,Z28,Sur,urbana_premium,64486,93.96,59.26,25.33,92.97,0.55,59.83,0
2025-06-01,Z28,Sur,urbana_premium,64486,94.25,61.11,24.64,93.27,0.68,59.35,0
2025-07-01,Z28,Sur,urbana_premium,64486,94.13,,24.98,93.54,0.66,60.86,0
2025-08-01,Z28,Sur,urbana_premium,64486,93.88,64.21,24.27,93.51,0.6,60.58,0
2025-09-01,Z28,Sur,urbana_premium,64486,93.86,65.55,24.3,93.44,0.64,62.02,0
2025-10-01,Z28,Sur,urbana_premium,64486,93.89,67.08,24.5,92.77,0.7,65.48,0
2025-11-01,Z28,Sur,urbana_premium,64486,93.9,68.64,24.84,95.1,0.79,58.31,0
2025-12-01,Z28,Sur,urbana_premium,64486,94.03,70.87,25.06,94.66,0.82,60.5,0
2023-01-01,Z29,Oeste,urbana_premium,67334,95.13,17.36,31.85,72.34,0.64,39.49,0
2023-02-01,Z29,Oeste,urbana_premium,67334,94.81,18.26,31.69,74.34,0.69,41.22,0
2023-03-01,Z29,Oeste,urbana_premium,67334,94.37,19.38,32.81,73.27,0.77,43.29,0
2023-04-01,Z29,Oeste,urbana_premium,67334,94.0,20.54,33.24,73.94,0.91,44.11,0
2023-05-01,Z29,Oeste,urbana_premium,67334,94.35,21.69,32.77,73.71,1.06,40.14,0
2023-06-01,Z29,Oeste,urbana_premium,67334,94.2,23.0,32.47,74.52,1.29,42.41,0
2023-07-01,Z29,Oeste,urbana_premium,67334,94.06,,32.6,76.04,1.29,42.8,0
2023-08-01,Z29,Oeste,urbana_premium,67334,93.72,25.61,31.74,76.43,1.18,45.25,0
2023-09-01,Z29,Oeste,urbana_premium,67334,93.81,27.11,31.55,77.02,1.16,42.59,0
2023-10-01,Z29,Oeste,urbana_premium,67334,94.08,28.78,31.64,77.61,1.2,45.53,0
2023-11-01,Z29,Oeste,urbana_premium,67334,93.91,30.84,31.48,78.91,1.21,46.88,0
2023-12-01,Z29,Oeste,urbana_premium,67334,94.07,32.55,31.16,79.68,1.37,46.11,0
2024-01-01,Z29,Oeste,urbana_premium,67334,94.05,33.82,31.05,80.94,1.26,45.67,0
2024-02-01,Z29,Oeste,urbana_premium,67334,94.33,35.46,31.97,80.47,1.25,46.82,0
2024-03-01,Z29,Oeste,urbana_premium,67334,94.26,36.52,31.83,81.01,1.22,47.61,0
2024-04-01,Z29,Oeste,urbana_premium,67334,94.02,38.34,30.76,81.84,1.34,51.02,0
2024-05-01,Z29,Oeste,urbana_premium,67334,93.74,39.79,30.56,82.31,1.14,49.75,0
2024-06-01,Z29,Oeste,urbana_premium,67334,93.82,41.87,29.97,83.9,1.0,48.68,0
2024-07-01,Z29,Oeste,urbana_premium,67334,94.0,43.61,290.7,84.49,0.86,50.91,0
2024-08-01,Z29,Oeste,urbana_premium,67334,94.15,44.94,28.59,84.37,0.81,54.49,0
2024-09-01,Z29,Oeste,urbana_premium,67334,94.12,46.22,28.07,84.27,0.72,54.4,0
2024-10-01,Z29,Oeste,urbana_premium,67334,94.06,48.29,27.64,85.69,0.76,49.2,0
2024-11-01,Z29,Oeste,urbana_premium,67334,94.08,49.75,27.91,87.75,0.64,55.78,0
2024-12-01,Z29,Oeste,urbana_premium,67334,94.01,51.05,27.39,88.6,0.74,54.94,0
2025-01-01,Z29,Oeste,urbana_premium,67334,94.04,52.87,27.3,90.21,0.79,56.17,0
2025-02-01,Z29,Oeste,urbana_premium,67334,94.06,54.71,26.61,91.02,0.84,58.5,0
2025-03-01,Z29,Oeste,urbana_premium,67334,,56.07,267.3,92.38,0.76,56.17,0
2025-04-01,Z29,Oeste,urbana_premium,67334,94.09,57.6,25.79,93.02,0.7,56.85,0
2025-05-01,Z29,Oeste,urbana_premium,67334,94.22,59.47,25.82,93.33,0.7,58.36,0
2025-06-01,Z29,Oeste,urbana_premium,67334,93.93,61.11,25.44,95.84,0.76,59.88,0
2025-07-01,Z29,Oeste,urbana_premium,67334,94.0,62.62,24.63,94.47,0.63,59.35,0
2025-08-01,Z29,Oeste,urbana_premium,67334,93.62,63.98,24.41,94.73,0.57,59.12,0
2025-09-01,Z29,Oeste,urbana_premium,67334,94.04,65.71,24.13,95.1,0.59,59.55,0
2025-10-01,Z29,Oeste,urbana_premium,67334,93.89,67.48,24.02,94.64,0.62,61.37,0
2025-11-01,Z29,Oeste,urbana_premium,67334,93.57,68.94,24.56,95.51,0.83,63.29,0
2025-12-01,Z29,Oeste,urbana_premium,67334,93.96,71.13,24.93,95.94,0.9,61.71,0
2023-01-01,Z30,Centro,suburbana,33966,90.15,9.51,,52.54,1.37,30.27,0
2023-02-01,Z30,Centro,suburbana,33966,90.18,10.04,40.32,53.82,1.54,32.73,0
2023-03-01,Z30,Centro,suburbana,33966,90.16,10.95,40.75,54.42,1.69,28.6,0
2023-04-01,Z30,Centro,suburbana,33966,90.06,11.58,41.21,55.73,1.62,34.45,0
2023-05-01,Z30,Centro,suburbana,33966,89.83,12.15,40.95,55.23,1.57,33.3,0
2023-06-01,Z30,Centro,suburbana,33966,90.01,13.41,40.7,55.12,1.67,35.47,0
2023-07-01,Z30,Centro,suburbana,33966,89.49,14.14,40.74,54.3,1.73,32.48,0
2023-08-01,Z30,Centro,suburbana,33966,89.53,15.22,41.05,54.43,1.77,32.82,0
2023-09-01,Z30,Centro,suburbana,33966,89.67,15.88,41.18,54.46,1.93,34.29,0
2023-10-01,Z30,Centro,suburbana,33966,89.98,16.84,40.85,54.0,1.9,35.91,0
2023-11-01,Z30,Centro,suburbana,33966,90.25,17.81,40.53,54.71,1.97,32.07,0
2023-12-01,Z30,Centro,suburbana,33966,89.89,19.22,39.56,55.1,1.99,35.64,0
2024-01-01,Z30,Centro,suburbana,33966,89.9,20.32,40.05,56.12,1.93,35.54,0
2024-02-01,Z30,Centro,suburbana,33966,90.0,21.93,40.27,57.76,1.87,35.49,0
2024-03-01,Z30,Centro,suburbana,33966,89.96,22.94,39.49,59.2,1.94,36.32,0
2024-04-01,Z30,Centro,suburbana,33966,90.08,24.06,,58.5,1.88,37.17,0
2024-05-01,Z30,Centro,suburbana,33966,90.17,24.97,38.07,58.49,1.84,37.92,0
2024-06-01,Z30,Centro,suburbana,33966,90.42,26.23,38.03,59.56,1.87,37.71,0
2024-07-01,Z30,Centro,suburbana,33966,90.27,27.04,38.45,60.92,1.73,38.68,0
2024-08-01,Z30,Centro,suburbana,33966,90.28,28.14,37.71,61.37,1.7,38.84,0
2024-09-01,Z30,Centro,suburbana,33966,90.12,28.98,37.33,62.33,1.6,39.96,0
2024-10-01,Z30,Centro,suburbana,33966,90.22,30.38,37.13,63.24,1.5,38.82,0
2024-11-01,Z30,Centro,suburbanx,33966,90.04,31.53,36.26,64.39,1.38,38.35,0
2024-12-01,Z30,Centro,suburbana,33966,90.18,32.55,35.51,64.54,1.39,43.49,0
2025-01-01,Z30,Centro,suburbana,33966,90.05,34.25,34.74,66.14,1.34,45.81,0
2025-02-01,Z30,Centro,suburbana,33966,89.55,35.8,33.31,68.62,1.13,43.85,0
2025-03-01,Z30,Centro,suburbana,33966,89.66,37.02,32.48,71.12,0.91,41.03,0
2025-04-01,Z30,Centro,suburbana,33966,90.12,38.27,31.86,72.33,0.89,47.19,0
2025-05-01,Z30,Centro,suburbana,33966,90.19,39.27,30.83,73.3,0.81,42.56,0
2025-06-01,Z30,Centro,suburbana,33966,90.28,40.4,31.38,75.73,0.77,46.44,0
2025-07-01,Z30,Centro,suburbana,33966,89.98,41.93,30.87,75.33,0.74,45.4,0
2025-08-01,Z30,Centro,suburbana,33966,89.92,43.41,30.4,77.21,0.66,49.23,0
2025-09-01,Z30,Centro,suburbana,33966,89.76,44.54,30.24,76.98,0.77,49.3,0
2025-10-01,Z30,Centro,suburbana,33966,90.05,45.57,30.46,76.51,0.74,45.92,0
2025-11-01,Z30,Centro,suburbana,33966,89.96,46.78,29.73,76.72,0.92,49.73,0
01/12/2025,Z30,Centro,suburbana,33966,89.86,47.56,30.34,75.15,1.04,47.73,0
2024-05-01,Z10,Este,suburbana,27514,90.06,24.98,38.8,58.85,1.98,35.84,0
2025-12-01,Z19,Este,rural,12655,81.61,23.87,50.69,40.9,3.01,25.88,0
2023-06-01,Z28,Sur,urbana_premium,64486,94.28,22.69,32.75,74.78,1.13,42.84,0
2025-01-01,Z29,Oeste,urbana_premium,67334,94.04,52.87,27.3,90.21,0.79,56.17,0
2023-02-01,Z07,Centro,rural,15473,81.16,5.41,54.14,32.91,3.05,17.51,0
2024-05-01,Z29,Oeste,urbana_premium,67334,93.74,39.79,30.56,82.31,1.14,49.75,0
2023-02-01,Z25,Oeste,rural,11763,82.21,3.44,56.67,33.03,3.01,20.18,0
2023-08-01,Z10,Este,suburbana,27514,89.94,15.41,40.49,55.61,1.96,34.78,0
2025-02-01,Z09,Norte,urbana_premium,102625,93.59,54.44,27.4,88.09,1.05,55.06,0
2024-03-01,Z17,Sur,suburbana,56619,90.02,22.51,,57.89,1.95,37.3,0
2025-01-01,Z14,Norte,rural,13074,82.0,17.11,55.53,38.08,3.23,25.21,0
2023-07-01,Z17,Sur,suburbana,56619,89.8,14.7,40.43,53.42,1.93,33.8,0
2025-12-01,Z11,Oeste,suburbana,41163,89.77,46.33,34.8,72.92,1.52,48.18,0
2024-11-01,Z19,Este,rural,12655,82.15,15.94,52.55,37.56,2.93,25.78,0
2024-04-01,Z16,Este,urbana_premium,72683,93.91,38.6,31.12,81.94,1.31,46.99,0
2024-12-01,Z25,Oeste,rural,11763,82.04,16.38,52.21,35.79,2.87,26.57,0
